source	syllabary	pronunciation	definition
ced		a-	third person animate (see Gram. II, A)
ced		a-	third person subject (see Gram. I, B)
ced		-a	present tense (see Gram. I, D)
ced	ᎠᏧᏣ	ạ²chu⁴ja	boy
ced	ᎠᏨᏯ	ạ²chv²ya	male (animal)
ced	ᎠᏓ	ạ²da	wood
ced	ᎠᏓ	ạɂ⁴da	young animal (animal born in litter or hatched)
ced	ᎠᏓᏕᎦ	a¹dạ²de³ga	it's bouncing
ced	ᎠᏓᏕᎦ	a¹dạ²de³ga	he's limping
ced	ᎠᏓᏗᏅᏗᎭ	a¹dạ²di²³nv³²dị²ha	he's bouncing it
ced	ᎠᏓᏠᎯᎭ	a¹da³dlo²hị³ha	he's putting on a belt
ced	ᎠᏓᏠᏍᏗ	ạ²da¹dlo²³sdi	belt
ced	ᎠᏓᏙᎵᏍᏗ	ạ²da²do²³li³²sdi	prayer
ced	ᎠᏓᏙᎵᏍᏗᎭ	a¹da²do²³li³²sdị²ha	he's praying
ced	ᎠᏓᎨᎢ	ạ³dạ²ge⁴ɂi	1. tender  2. very young, new
ced	ᎠᏓᎨᏳᏗ	ạ²da²geyh²di	love
ced	ᎠᏓᎯᎯ	ạ²da²³hị²hi	thing that kills
ced	ᎠᏓᏟᏁᏌᎵᏗ	ạ²da²hlị²ne³sahl²di	purse
ced	ᎠᏓᏁᏗ	ạ²da²³hneh²di	gift
ced	ᎠᏓᏃᏰᎭ	a¹dạ²hno³yẹ²ha	he's fanning himself
ced	ᎠᏓᏃᏲ	ạ²dạ²hno²yo	fan
ced	ᎠᏓᏩᏛᎯᏙᎭ	a¹da²hwah²tv²hi²³do³²ha	he's visiting
ced	ᎠᏓᏯᏍᏗᎭ	a¹da²hya³²sdị²ha	he's stretching
ced	ᎠᏓᏰᏍᎩ	ạ²da²hye⁴sgi	cancer
ced	ᎠᏓᏱᎭ	a¹dạ²hyị³ha	he's denying him, it
ced	ᎠᏓᏲᏁᎭ	a¹da²hyo³nẹ²ha	he's committing adultery
ced	ᎠᏓᏲᏁᏗ	ạ²da²hyo²neh³di	adultery
ced	ᎠᏓᏲᏁᎯ	ạ²da²hyo²ne⁴hi	adulterer
ced	ᎠᏓᏣᎦᎵᎭ	a¹da²jạ²gạ²lị³ha	it's ripping
ced	ᎠᏓᏨᎢᏍᎩ	ạ²da²jvy⁴sgi	something that stings
ced	ᎠᏓᎨᎭ	a¹da²kẹ³ha	he's looking at himself in a mirror
ced	ᎠᏓᎨᏗ	ạ²da²keh³di	mirror
ced	ᎠᏓᎴᏂᎭ	a¹dạ²le²nị³ha	it's beginning
ced	ᎠᏓᎾᏁᏒᎲᏍᎦ	a¹da²na²ne³sv²hṿ³sga	he's shopping
ced	ᎠᏓᎾᏅᎢ	a¹da²nạɂ³nv⁴ɂi	store
ced	ᎠᏓᎾᏩᏍᏗᎭ	a¹dạ²naw³²sdị³ha	he's taking off running
ced	ᎠᏓᏁᏟᏴᎠ	a¹dạ²ne²³dli³yṿ²ɂa	he, it's changing
ced	ᎠᏓᏁᏟᏴᏍᏗᎭ	a¹dạ²ne²³dli³yv¹sdị²ha	he's taking turns with him
ced	ᎠᏓᏁᏟᏴᏍᏗᏍᎩ	ạ²dạ²ne²³dli³yv¹sdi⁴sgi	1. alternate  2. substitute
ced	ᎠᏓᏁᏢᎢ	a¹da²ne²hlv⁴ɂi	provisions, supplies
ced	ᎠᏓᏁᎸᎢ	a¹da²ne²³lv⁴ɂi	building
ced	ᎠᏓᏅᏙ	ạ²danh²do	heart
ced	ᎠᏓᏅᏖᎭ	a¹danh²tẹ³ha	he's thinking
ced	ᎠᏓᏅᏖᏗ	ạ²danh²³teh²di	thought
ced	ᎠᏓᏅᏖᎯᎶᎠ	a¹danh²te²³hi³lọ²ɂa	1. he's pondering it  2. he's considering
ced	ᎠᏓᏃᏴᏟᏍᏗᎭ	a¹dạ²no²hyv²hlị²sdị³ha	he, it's making noise
ced	ᎠᏓᏅᏏᏂ	a¹dan²si²³ni	he's crawling
ced	ᎠᏓᏄᏖᏲᎭ	a¹dạ²nu³te²yọ³ha	it's twisting
ced	ᎠᏓᏅᎠ	a¹dạɂ³nv²ɂa	he, it's moving from one place to another
ced	ᎠᏓᏅᏍᎦ	a¹dạ²nv²³sga	he's ordering it
ced	ᎠᏓᏍᏓᏴᏗᎢ	ạ²da²sdayh¹di⁴i	kitchen
ced	ᎠᏓᏍᏓᏴᎲᏍᎦ	a¹da²sda³²yv²hv³sga	she's cooking a meal
ced	ᎠᏓᏪᎯ	ạda²³we³hi	magician
ced	ᎠᏓᏪᎯ	ạ²da²³we⁴hi	magical
ced	ᎠᏓᏪᎳᎩᎠ	a¹dạ²we²³lạ³gị²ɂa	it's burning (flames)
ced	ᎠᏓᏪᎳᎩᏍᎩ	ạ²dạ²we²³lạ²gi¹sgi	flame
ced	ᎠᏓᏪᎳᎩᏍᎩ	ạ²dạ²we²lạ²gi¹sgi	gunpowder
ced	ᎠᏓᏪᏐᎸᏍᏗᎭ	a¹dạ²we³so²lv²³sdị³ha	he's resting
ced	ᎠᏓᏫ	A²³dạ³wi	Adam
ced	ᎠᏓᏬᎠ	a¹dạ²wo³ɂa	1. he's bathing  2. he's swimming
ced	ᎠᏓᏬᏍᏗᎢ	ạ²dạ²wo¹sdi⁴ɂi	swimming pool
ced	ᎠᏓᏴᎳᏛᏍᎩ	ạ²dạ²yv²³lạ²tṿ²sgi	television
ced	ᎠᏕᎭ	a¹de³ha	he's giving him a long  object
ced	ᎠᏕᏠᏆᎠ	a¹de²hloh²gwạ³ɂa	he's learning, he's learning it
ced	ᎠᏕᎰᎯᏍᏗᎭ	a¹de²ho²³hị³sdị²ha	he's embarrassing him
ced	ᎠᏕᎰᏍᎦ	a¹de²ho²³sga	he's embarrassed
ced	ᎠᏕᎲᏍᎦ	a¹de²hṿ³sga	he's being born
ced	ᎠᏕᎳ	ạ²de²³la	money
ced	ᎠᏕᎳᏗᏗᎢ, ᎠᏕᎳᏧᏂᏗᎢ	ạ²del²³diyh²di⁴ɂi, ạ²del²³ju²niyh²di⁴i	bank
ced	ᎠᏕᎳᏧᏢᎢ	ạ²del²³ju²³hlv⁴ɂi	California
ced	ᎠᏕᎶᎰᏍᎦ	a¹de²lọ²ho²sga	he's finding it out
ced	ᎠᏕᎸᎢ	ạ³de²lv⁴ɂi	dollars
ced	ᎠᏕᏛᏍᎦ	a¹de²tṿ³sga	he's diving
ced	ᎠᏕᏲᎭ	a¹de³yọ²ha	1. he's going around a curve  2. he's turning off the road  3. he's circling it
ced	ᎠᏕᏲᎲᎢ	a¹de³yọ²hv⁴ɂi	curve
ced	ᎠᏗᎠ	a¹dị³ɂa	he's laying a long object down
ced	ᎠᏗᏗᎭ	a¹di²dị³ha	he's rising from a prone position
ced	ᎠᏗᎦᎴᏯᎠ	a¹di²gạ²le²³yạ³ɂa	he's scattering it
ced	ᎠᏗᎦᎴᏲᎦ	a¹di²gạ²le²³yo³²ga	it's scattering
ced	ᎠᏗᏆᎸᏕᏲᎭ	a¹di³gwạ²lv²de³yọ²ha	he, it's spinning, rotating
ced	ᎠᏗᎭ	a¹dị²ha	he's saying it
ced	ᎠᏗᏅᏗᎭ	a¹di²³nv³²dị²ha	he's running over him, it
ced	ᎠᏗᏍᎦᎸᏍᎦ	a¹di²sgạ²hlṿ³sga	he's hiding
ced	ᎠᏗᏏᏯᎠ	a¹di³²si²yạ³ɂa	he's leaving a long object behind
ced	ᎠᏗᏔᏍᏗ	ạ²di²³tạ²sdi	something to drink
ced	ᎠᏗᏔᏍᎦ	a¹di²tạ³sga	he's drinking it
ced	ᎠᏗᏙᏗ	ạ²di²toh³di	spoon
ced	ᎠᏜ	a²dla	1. rubber,  2. chewing gum
ced	ᎠᏜᎪᏍᎦ	a¹dlạ²go²³sga	he's scratching
ced	ᎠᏜᏩᏛᎢ	a²dlạwạɂ³dv⁴ɂi	pocket
ced	ᎠᏞᎠ	a¹dle³ɂa	he's turning off the road
ced	ᎠᏞᏤᎭ	a¹dle³chẹ²ha	he's taking revenge against him
ced	ᎠᏞᎢᏍᏗ	ạ²dle¹ɂị³sdi	revenge
ced	ᎠᏞᏌᏙ	ạ²dle¹sạ²do	apron
ced	ᎠᏞᏍᎬᎢ	a¹dle³sgv⁴ɂi	turn-off
ced	ᎠᏟᎠ	a¹dlị³ɂa	he's pouring liquid in a container
ced	ᎠᏟᎠᏙ	ạ²dlị²ɂạ²do	earring
ced	ᎠᏟᎦ	a¹dli³²ga	1. it's pouring into a container (liquid), 2. it's filling
ced	ᎠᏟᎭ	a¹dli²³ha	he's drawing a liquid out of a container
ced	ᎠᏟᏍᏗᎭ	a¹dli³²sdị²ha	he's pouring liquid in a container
ced	ᎠᏟᏍᏙᏗ	ạ³dli¹sdoh²di	container (for liquid)
ced	ᎠᏠᏱᎭ	a¹dlo²hyị³ha	he's crying
ced	ᎠᏠᎢᏍᎦ	a¹dloy²sga	he's getting off
ced	ᎠᏢᏈᏍᎦ	a¹dlv²³kwsga	he's bragging
ced	ᎠᏢᏔᏍᎦ	a¹dlv²tạ³sga	he's catching up with him, it
ced	ᎠᏙᎳᏅᏍᏗ	ạ²do²lạ²nv³sdi	walking cane
ced	ᎠᏙᏂᏍᎩ	a²do²³ni⁴sgi	sorcerer
ced	ᎠᏚᏓᎴᏍᏗ	ạ²du²dạ²le⁴sdi	freedom
ced	ᎠᏛᏥ	Ạ²dṿ²ji	1. Dutch, 2. German
ced	ᎠᏛᏁᎭ	a¹dv³nẹ²ha	he's doing it
ced	ᎠᏛᏁᎵᎭ	a¹dv³ne²lị³ha	he's acting silly
ced	ᎠᏛᏁᎵᏍᎩ	ạ²dv¹ne²³li⁴sgi	actor
ced	ᎠᏛᏅᎢᏍᏗᎭ	a¹dv²nv³ɂị²sdị³ha	1. he's preparing it.  2. he's getting ready
ced	ᎠᎦᏓᎭᎢ	ạ²ga²da²ha⁴ɂi	dirty (animate)
ced	ᎠᎦᏟᏱ	ạ²gạ²hli⁴yi	eager
ced	ᎠᎦᎵᎭ	a¹ga³lị²ha	it's (sun or moon) shining
ced	ᎠᎦᎳᏍᎦ	a¹gal³²sga	1.  he's breaking a flexible object, 2. He's cutting a flexible object
ced	ᎠᎦᎷᎦ	a²gạ²lu²³ga	twister (tornado)
ced	ᎠᎦᎾᏗᎠ	a¹gạ²na²³dị³ɂa	he's licking it
ced	ᎠᎦᎾᎦᏘ	ạ²gạɂ³nạ²kti	doctor
ced	ᎠᎦᎾᏬᏗᎭ	a¹ga²nawh²dị³ha	he's warming it
ced	ᎠᎦᎾᏬᏍᎦ	a¹ga²nạ²wo²sga	it's getting warmer
ced	ᎠᎦᏍᎦ	a¹ga²sga	it's raining
ced	ᎠᎦᏑᏰᏓ	ạ²ga¹su²ye⁴da	a person who has been chosen
ced	ᎠᎦᏯᎷᏗ	ạ²ga²yạ²lu³di	seine
ced	ᎠᎦᏴᎵ	ạ²gạ²yv⁴li	old (animate)
ced	ᎠᎦᏴᎵᎨᎢ	ạ²gạ²yv²³lị³ge⁴ɂi	old woman
ced	ᎠᎨ	a³ge⁴	over there
ced	ᎠᎨᏯ	ạ²ge²³hya	woman
ced	ᎠᎨᏳᏣ	ạ²ge²hyu⁴ja	girl
ced	ᎠᎩ-	agi-	first person, singular subject (see Gram. I, B)
ced	ᎠᎩᎠ	a¹gị³ɂa	he's eating it (a single solid food)
ced	ᎠᎩᎠ	a¹gi³ɂa	1. he's picking it up  2. he's getting it
ced	ᎠᎩᏟᏱ	ạ²gi²hli⁴yi	agony, pain
ced	ᎠᎩᏟᏲᎦ	a¹gi²hli²³yo³²ga	he's in agony, pain.
ced	ᎠᎩᎾ	ạ²gi⁴na	young animal (not born in litter or hatched).
ced	ᎠᎩᏍᏗ	ạ²gi¹sdi	something to eat (single solid).
ced	ᎠᎩᏍᏙᎠ	a¹gi³²sdọ²ɂa	he's chewing it
ced	ᎠᎩᏏ	ạ²gi²³si	female animal
ced	ᎠᎪᎲᏍᏗᎭ	a¹gọ³hṿ²sdị³ha	he's burning him, it
ced	ᎠᎪᎲᏍᎦ	a¹gọ³hṿ²sga	he, it's burning
ced	ᎠᎪᎳ	ạ²go²la	perch
ced	ᎠᎪᎵᏰᎠ	a¹go²li²³yẹ³ɂa	1. he's reading, 2. he's examining him, it
ced	ᎠᎪᎾ	ạ²go²na	famine
ced	ᎠᎪᏂᎭ	a³go²nị³ha	he's target practicing
ced	ᎠᎪᏍᏓᎩᏍᏗ	ạ²go³sdạ²gi³²sdi	lettuce
ced	ᎠᎪᏍᏗ	ạ²go⁴sdi	raw
ced	ᎠᎪᏩᏘᎭ	a¹gowh²tị³ha	he sees him, it
ced	ᎠᎪᏩᏛᏗ	ạ²gowh²³tvh²di	sight
ced	ᎠᎪᏩᏛᏗᎭ	a¹gowh²tvh²dị³ha	he's showing it to him
ced	ᎠᎫᏌ	Ạ²gu²³sa	Creek (Indian)
ced	ᎠᎬᏓᎨᏂ	ạ²gv²dạ²ge⁴ni	his forehead
ced	ᎠᎬᎭᎵᎭ	a¹gv²hạ²lị³ha	1. he's cutting it, 2. he's slicing it
ced	ᎠᎬᎭᎷᏯᏍᎦ	a¹gv²hạ³luy³²sga	he's chopping it up
ced	ᎠᎬᎭᎸᏓ	ạ²gv²hạ²lv⁴da	a piece of something that's been cut
ced	ᎠᎬᎿᎨᎢ	ạ²gv²³hnạ³ge⁴ɂi	Black person, Negro
ced	ᎠᎬᏍᎪᎸᏍᎦ	a¹gv²sgo²³lv³²sga	he's scolding him
ced	ᎠᎬᏍᏉᎠ	a¹gv²sgwo³ɂa	he's washing his face
ced		agw-	(see agi-) first person subject (see Gram. I, B)
ced	ᎠᎭᎳᏓ	ạ²hạ²la⁴da	loudmouth
ced	ᎠᎭᎷᎩᎭ	a¹hạ²lu²³gị³ɂha	1.  he's diverting him, it, 2. he's flagging him, it down
ced	ᎠᎭᏂ, ᎠᏂ	ạ³hạ²ni, ạ³hni	here
ced	ᎠᎭᏫ, ᎠᏫ	ạ²hạ²wi, ạ²hwi	deer
ced	ᎠᎭᏬᏍᏗᎭ	a¹hạ²wo³sdị²ha	he's smothering him, it
ced	ᎠᎯᏓ	ạ²hi⁴da	easy
ced	ᎠᎯᏙᎭ	a¹hi²³do³²ha	he's handling it, he has it in his hand
ced	ᎠᎯᎭ	a¹hị³ha	he's killing him, it
ced	ᎠᎯᎴᎭ	a¹hịɂ³le²ha	he has possession of a vehicle
ced	ᎠᎯᎵ	a¹hịɂ³li	he's driving it (vehicle in motion or animal)
ced	ᎠᎯᎸᏍᏗᎢ	ạ²hịɂ²lv¹sdi⁴ɂi	steering wheel
ced	ᎠᎯᏯᎠ	a¹hi²yạ³ɂa	he's leaving it behind
ced	ᎠᏝᎲᏍᎦ	a¹hlạ²hṿ³sga	he's placing it on something
ced	ᎠᏝᏫᏗᎭ	a¹hlạ²wi²dị³ha	he's taking off flying, its flying away
ced	ᎠᏝᏫᏗᏍᎩ	ạ²hlạ²wi²di⁴sgi	something that flies away
ced	ᎠᏝᏫᏘᏗᎭ	a¹hlạ²wi²tdị³ha	he's making him, it fly
ced	ᎠᏝᏫᏘᏗᏍᎩ	ạ²hlạ²wi²tdi⁴sgi	person who makes it fly
ced	ᎠᏟᎩᎠ	a¹hlị²gi³ɂa	he's having a nightmare
ced	ᎠᏟᎢᎵᏙᎭ	a¹hlị³ɂị²li²³do³²ha	its taking time
ced	ᎠᏟᎶᎠ	a¹hli²lo³ɂa	he's measuring it
ced	ᎠᏟᎶᏍᏗ	ạ²hli²lo⁴sdi	ruler
ced	ᎠᏟᏴᏈᏛᏍᎦ	a¹hlị²yvhgwidvsga	it's bending
ced	ᎠᏟᏴᏌᎾᏩᏍᏗᎭ	a¹hlị²yv²³sạ³naw¹sdị³ha	he's snorting
ced	ᎠᎵᏣᏙᎲᏍᎦ	ahl¹jạ²do²³hṿ³sga	he's preaching
ced	ᎠᎵᏣᏙᎲᏍᎩ	ahl²jạ²do⁴hṿ²sgi	preacher
ced	ᎠᎵᎪᏛᏍᎦ	ahl¹ko²dv²sga	it's shattering
ced	ᎠᎵᎪᏛᏗᎭ	ahl¹ko²tdị³ha	he's shattering it
ced	ᎠᏠᏗ	ạ³hloh²di	phonograph record
ced	ᎠᏠᏍᎦ	a¹hlo²sga	he's beating him at a game
ced	ᎠᎵᏔᏬᎠ	ahl¹tạ²wo³ɂa	he's combing his hair
ced	ᎠᎵᏔᏬᏍᏗ	ahl²tạ²wo³sdi	comb
ced	ᎠᎵᏖᎸᎲᏍᎦ	ahl¹te³lv²hṿ³sga	he, it's moving (without changing location)
ced	ᎠᎿᏩᎢᏴᎠ	a¹hnạ²wạ³ɂi²yv³ɂa	he's changing his shirt
ced	ᎠᎿᏪᎠ	a¹hnạ²we³ɂa	he's taking his shirt, coat off
ced	ᎠᎿᏬ	ạ²hnạ²wo	shirt
ced	ᎠᎿᏬᎠ	a¹hnạ²wo³ɂa	he's putting on a shirt
ced	ᎠᏁᎭ	a¹hnẹ²ha	he's giving it to him
ced	ᎠᏁᎯᎭ	a³hne²³hị³ha	he's wrestling
ced	ᎠᏁᏟᏗᎭ	a¹hnehl³dị²ha	he's interpreting, translating it
ced	ᎠᏁᏟᏔᏅᎢ	a²hnehl³tanvɂi	interpretation, translation
ced	ᎠᏁᏦᏍᎦ	a¹hne²jọ³sga	he's frolicking
ced	ᎠᏁᏍᎨᎭ	a¹hne³sgẹ²ha	he's building a house
ced	ᎠᏂᎩᎠ	a¹hnị²gị³ɂa	1. he's leaving  2. it's starting
ced	ᎠᏂᎩᏍᏗᎭ	a¹hnị²gi³²sdị²ha	he's starting it
ced	ᎠᏃᏟᏁᎦ	a¹hnọ²hli²³ne³²ga	he's carrying a long object on his shoulder
ced	ᎠᎰᎵ	ạ²ho⁴li	his mouth
ced	ᎠᎱᏗᎠ	a¹hu²dị³ɂa	he's putting a long object in liquid
ced	ᎠᎱᏣᏬᎳᏛᏗ	ạ²hu¹jạ²wo²³lạ³dv⁴di	stove pipe, lamp chimney
ced	ᎠᎱᏣᏬᎳᏛᎢ	a¹hu³jạ²wo²³lạ³dv⁴i	chimney
ced	ᎠᎱᎵ	ạ²hu²li	drum
ced	ᎠᎱᎸᏂᎭ	a¹hu²lv³nị²ha	he's hitting him on the mouth
ced	ᎠᎲᎠ	a¹hv³ɂa	he's moving it from one place to another
ced	ᎠᎲᏍᎦ	a¹hṿ³sga	he's setting it down
ced	ᎠᏩᏘᎭ	a¹hwah²tị³ha	he's finding him, it
ced	ᎠᏩᏛᎯᏙᎭ	a¹hwah²tv²hi²³do³²ha	he's visiting him
ced	ᎠᏫᏗᎭ	a¹hwi²di³ha	he's taking it somewhere
ced	ᎠᏫᏍᎦ	a¹hwị²sga	he's planting it
ced	ᎠᏯᏢᏗ	a²hyạ²dlv⁴di	necktie
ced	ᎠᏯᎨᏗᏍᎦ	a¹hyah²ke²³tsga	he's peeling it
ced	ᎠᏯᏟᏗ	a³hyahl²di	necklace
ced	ᎠᏯᏛᎲᏍᎦ	a¹hyah²tv²³hṿ³sga	it's (the ground) becoming frosty
ced	ᎠᏯᏂᎭ	a¹hyạ²nị³ha	1. he's calling him, inviting him. 2. he's receiving, getting him
ced	ᎠᏰᎦ	a¹hye³ga	he's taking it somewhere by hand
ced	ᎠᏰᎭ	a¹hyẹ²ha	he's holding it in his hand
ced	ᎠᏰᎦᏢᏍᎦ	a¹hyeh²gạ²hlv³sga	he's quilting it
ced	ᎠᏰᏠᎭ	a¹hye²³hlọ³ha	1. he's making an incision 2. he's operating on him
ced	ᎠᏰᎵᎠ	a¹hye²li³ɂa	1. he's imitating him, it 2. he's mocking him
ced	ᎠᏰᎵᏍᏗ, ᎭᏰᎵᏍᏗ	ạ²hyel²sdi, hạ²yel²sdi	knife
ced	ᎠᏲᎭ	a¹hyọ³ha	he's looking for him
ced	ᎠᏳᎢᏁᎦ	a¹hyụ³ɂi²ne³ga	he's swimming (propelling himself through water)
ced	ᎠᏴᏓᏆᎶᎠ	a¹hyv²dạ²gwạ²lọ³ɂa	it's thundering
ced	ᎠᏴᏓᏆᎶᏍᎩ	ạ²hyv²dạ²gwạ²lo¹sgi	thunder
ced	ᎠᏴᏜᏗᏍᏗᏍᎩ	ạ²hyv²dlạ²di¹sdi⁴sgi	1. refrigerator 2. air conditioner
ced	ᎠᏴᏠ	ạ²hyvh²dlo	ladder
ced	ᎠᏴᏈᏛᏍᎦ	a¹hyvh²gwị³dv³²sga	1. he's bending it  2. she's hemming it
ced	ᎠᏴᏤᏂ	ạ²hyvh²je⁴ni	his neck, throat
ced	ᎠᏴᏖᎠ	a¹hyvh²te³ɂa	he's kicking him, it
ced	ᎠᏴᎩ	ạ²hyv⁴ki	prisoner, captive
ced	ᎠᏴᎩᏗᎠ	a¹hyv²³ki³dị²ɂa	he's capturing him
ced	ᎠᏴᏍᏕᎷᎲᏍᎦ	a¹hyv²³sde³lu²hṿ²sga	he's hitting him on the nose
ced	ᎠᏴᏍᎩᏱᎭ	a¹hyṿ²sgi²³yi³ha	he's choking him
ced	ᎠᎢ	a³ɂi	he's walking
ced	ᎠᏣᏗ	ạ²jạɂ²di	fish
ced	ᎠᏣᏓ	Ạ²jah²da	Choctaw
ced	ᎠᏣᎢᎠ	a¹jạ³ɂị²ɂa	it's hatching
ced	ᎠᏣᏅᏍᎦ	a¹jạ²nv²sga	he's dressing up
ced	ᎠᏣᎥᏍᎦ	a¹jạ³ɂṿ²sga	He is getting in a car, box, etc.
ced	ᎠᏤᎵᏍᏛᎢ	a¹je²³li³²sdv⁴ɂi	grave
ced	ᎠᏤᎸᏍᎦ	a¹je²lv²sga	he's acting like him
ced	ᎠᏤᏍᏙ	ạ²je²sdo	mattress
ced	ᎠᏤᏫᎠ	a¹je²³wị³ɂa	1. he's spilling it (a liquid or nonliquid like salt, sugar) 2. he's pouring it on the ground (liquid or non-liquid) 3. he's being wasteful (of money, etc.)
ced	ᎠᏥᎳ	ạ²ji²³la	fire
ced	ᎠᏥᎳ	ạ²ji²³la	watercress
ced	ᎠᏥᎳ ᎨᏠᎯ	Ạ²ji²³la Ge³hlọ²hi	Catholic
ced	ᎠᏥᎳ ᎪᏢᏗ	ạ²ji²³la go³hlvh²di	match
ced	ᎠᏥᎸᎯ	ạ²ji²lv⁴hi	in the fire
ced	ᎠᏥᎸᏍᎦ	a¹ji²lv²sga	it's blooming
ced	ᎠᏥᎸᏍᎩ	ạ²ji²lv⁴sgi	flower
ced	ᎠᏥᎾ	ạ²jị²na	cedar
ced	ᎠᏥᏍᎸᏍᎦ	a¹ji³slṿ²sga	light a fire, match
ced	ᎠᏦᏔᏍᎦ	a¹jo³tạ²sga	he's blowing, he's blowing on it
ced	ᎠᏨᏍᏛᏍᎦ	a¹jv²stṿ³sga	he's turning on a light
ced	ᎠᏨᏍᏗ	ạ²jvy⁴sdi	lamp, light
ced	ᎠᎩ-	ak-	(see agi-)
ced	ᎠᎧᏁᏍᏗ	ạ²kạ²ne²³sdi	1.badge 2.pin
ced	ᎠᎧᏍᎨᏂ	a²kạ²sge⁴ni	his hip
ced	ᎠᎨᎮᎦ	a¹ke²³he³²ga	he's chasing him, it
ced	ᎠᎩᏠᏒᏍᏗᎢ	ạ²kị²hlọ³sv¹sdi⁴ɂi	steps, stairs
ced	ᎠᎩᎸᏗᎭ	a¹kị²lv³²dị²ha	he's riding it (anything that can be straddled)
ced	ᎠᎩᏍᏗ	ạ³kị²sdi	pill
ced	ᎠᎩᏍᎦ	a¹kị²sga	he's swallowing it
ced	ᎠᎩᏳᏍᎨ	ạ²kị²yu²sge	elbow
ced	ᎠᎩᏳᏍᎨᏂ	ạ²kị²yu²sge⁴ni	his elbow
ced	ᎠᎪᏕᎠ	a¹ko²³dẹ³ɂa	he's shoveling it
ced	ᎠᎪᏕᏍᏗ	ạ²ko²³de⁴sdi	shovel, spade
ced	ᎠᎦᏍᎦᏂ	ạ²ksgạ²ni	left
ced	ᎠᎦᏍᎦᏂᏓ	ạ²ksgạ³ni⁴da	lefthanded
ced	ᎠᎦᏐᏍᎦ	a¹ksọ³sga	he's going down hill
ced	ᎠᎦᏐᏍᎬᎢ	a¹kso²sgv⁴ɂi	downhill route
ced	ᎠᎦᏔ	ạ²kta	eye
ced	ᎠᎦᏔᎭ	a¹ktạ²ha	he knows how
ced	ᎠᎦᏔᎯ	ạ³ktạ²hi	witness
ced	ᎠᎦᏔᎿᎢ	ạ³ktạ²hnạ²ɂi	knowledgeable
ced	ᎠᎦᏔᎲᎠ	a¹ktạ²hv³ɂa	1. he's turning back 2. he's turning (his head or body)
ced	ᎠᎦᏔᏍᏗᎭ	a¹kta³²sdị²ha	he's winking
ced	ᎠᎦᏖᎷᎲᏍᎦ	a¹kte²lu²hṿ³sga	he's hitting him on the eye
ced	ᎠᎦᏖᎾᏍᏗᎢ	ạ²kte²³na³²sdi⁴ɂi	scenery
ced	ᎠᎦᏖᏃᎭ	a¹kte³nọ²ha	he's looking around
ced	ᎠᎦᏘᎭ	a¹ktị²ha	he's peeking through
ced	ᎠᎦᏘᏏ	ạ²kti²si	1.n.right position, right hand,  2. adj. right-handed.
ced	ᎠᎦᏘᏯ	a¹kti²³ya	he's waiting for him/it
ced	ᎠᎦᏘᏱ	ạ²kti⁴yi	guard
ced	ᎠᎦᏙᏗ	ạktoh²di	telescope
ced	ᎠᎦᏙᎲᏍᎦ	a¹kto³²hṿ²sga	he's becoming wise
ced	ᎠᎦᏙᎵ	ạ²kto⁴li	his eye
ced	ᎠᎦᏙᏍᏗ	a¹kto²³sdi	he's looking at him/it
ced	ᎠᎦᏙᎥᎯᏍᏗ	ạ²ktọ²ɂṿ²hị³sdi	wisdom
ced	ᎠᎦᏛᎴᏍᎦ	a¹ktv³le²sga	he/it is going through it
ced	ᎠᎫᎩᎠ	a¹ku²³gị³ɂa	he's dipping liquid
ced	ᎠᎫᎩᏍᏗ	ạ²ku²³gi⁴sdi	dipper
ced	ᎠᏈᏱᎭ	a¹kwị²yị³ha	he's paying
ced	ᎠᏈᏴᎡᎭ	a¹kwị²yv³ɂe²ha	he's paying him
ced	ᎠᏈᏍᏙ	ạ²kwsdo	pillow
ced	ᎠᎳᏍᏓᎡᎭ	a¹la³²sdạ²ɂe²ha	he's tromping on him/it,   he's speaking badly of him
ced	ᎠᎳᏍᏛᏍᎦ	a¹la³²sdṿ²sga	he's stepping on him/it
ced	ᎠᎳᏍᎦᎵᎭ	a¹la³²sgạ²lị³ha	he's playing ball
ced	ᎠᎳᏍᎦᎵᏍᎩ	ạ²la¹sgạ²li⁴sgi	ball player
ced	ᎠᎳᏍᎬᎠ	a¹la³²sgṿ²ɂa	he's taking a step
ced	ᎠᎳᏑᏟᏗ	ạ²la¹suhl²³di	law suit
ced	ᎠᎳᏑᎶ	ạ²la¹su²³lo	shoe
ced	ᎠᎴ	ạ²le	almost
ced	ᎠᎴ	ạ²le	and, or
ced	ᎠᎴᏗᎭ	a¹leh²dị³ha	he's placing a long object in an upright position.
ced	ᎠᎴᎲᏍᎦ	a¹le²hṿ³sga	he's standing in a certain spot.
ced	ᎠᎴᏫᏍᏗᎭ	a¹le²hwị²sdị³ha	he/it is stopping
ced	ᎠᎴᏫᏍᏙᏗᎭ	a¹le²hwị²sdoh³dị³ha	he's stopping him/it
ced	ᎠᎴᏂᎭ	a¹le²nị³ha	he's starting/beginning.
ced	ᎠᎵᏟᎭ	a¹lị²dlị³ha	it's boiling
ced	ᎠᎵ	a²li	sweat
ced	ᎠᎵᎬᏓᏃᏍᏙᏗ	ạ²lị²gv²dạ²no²³sdoh²di	headband
ced	ᎠᎵᎬᏚᎶ	ạ²lị²gv²du²lo	mask
ced	ᎠᎵᎮᎵᏤᎭ	a¹li²he²³li³²chẹ²ha	he's thanking him
ced	ᎠᎵᎮᎵᎦ	a¹li²he²³li³²ga	he's happy/thankful
ced	ᎠᎵᎢ	a²lị²ɂi	friendship
ced	ᎠᎵᎢᏗᎠ	a¹lị³ɂi²dị³ɂa	he's exchanging/trading it
ced	ᎠᎵᏘᎠ	a¹lị²ti³ɂa	he's running away, he's escaping
ced	ᎠᎵᏰᏑᎶ	ạ²lị²ye¹su²lo	glove
ced	ᎠᎵᏰᏑᏍᏘᎩᎠ	a¹lị²ye³²su²stgi³ɂa	he's taking his ring off
ced	ᎠᎵᏰᏑᏍᏙ	ạ²lị²ye¹su²³sto	ring
ced	ᎠᎵᏰᏑᏍᏛᏍᎦ	a¹lị²ye³²su²stṿ³sga	he's putting a ring on his finger
ced	ᎠᎵᏲ	a²li²³yo	sock
ced	ᎠᎵᏥᏈᏍᎦ	a¹lji³kwsga	he's spitting
ced	ᎠᎵᏌᎳᏗᎠ	al¹sạ²lạ²dị³ɂa	he, it's ascending, raising
ced	ᎠᎵᏍᏓᏴᏗ	al³sdayh¹di	1. food  2. groceries
ced	ᎠᎵᏍᏓᏴᎲᏍᎦ	al¹sda³²yv²hṿ³sga	he's eating a meal
ced	ᎠᎵᏍᏕᎸᏙᏗ	al²sdehl²³doh²di	aid, assistance (financial).
ced	ᎠᎵᏍᏕᎵᎭ	al¹sde²lị³ha	he's helping.
ced	ᎠᎵᏍᏚᎴᎠ	al¹sdu²³lẹ³ɂa	he's taking off his cap.
ced	ᎠᎵᏍᏚᎴᎭ	al¹sdu²³le³ha	he's washing his hair
ced	ᎠᎵᏍᏚᎵᎠ	al¹sdu²³lị³ɂa	he's putting on a cap
ced	ᎠᎵᏍᏚᎶ	al²sdu²lo	cap
ced	ᎠᎵᏍᏛᏡᏍᎦ	al¹sdv²hlụ³sga	he's taking a seat
ced	ᎠᎵᏍᏛᏂᎭ	al¹sdv²hnị³ha	he's shaking his head
ced	ᎠᎵᏍᎩᎠ	al¹sgi³ɂa	he's dancing
ced	ᎠᎵᏍᎪᎸᏓᏁᎭ	al¹sgohl²da³²nẹ²ha	he's permitting him
ced	ᎠᎵᏍᎫᏍᎦ	al¹sgu³²sga	he's nodding his head
ced	ᎠᎵᏍᏆᏗᎠ	al¹sgwạ²dị³ɂa	it's ending
ced	ᎠᎵᏍᏆᎷᏗᎠ	al¹sgwạ²lu²³dị³ɂa	he's sticking his head out
ced	ᎠᎵᏍᏇᏚᎩᎠ	al¹sgwe³tuh²gi³ɂa	he's taking his hat off
ced	ᎠᎵᏍᏇᏚᎲᏍᎦ	al¹sgwe³tụ²hṿ³ga	he's putting his hat on
ced	ᎠᎵᏍᏇᏚᏬ	al²sgwe¹tụ²wo	hat
ced	ᎠᎵᏐᏍᏗᎭ	al¹so²³sdị³ha	1. he's setting a goal 2.  he's aiming
ced	ᎠᎵᏒᏍᏗᎭ	al¹sv³²sdị³ha	he's smelling it  (sniff)
ced	ᎠᎹ	ạ²ma	water
ced	ᎠᎹ	a³ma	salt
ced	ᎠᎹᏢᏗᎢ	ạ²mahl³di⁴ɂi	water well
ced	ᎠᎹᏢᏙᏗ	ạ²mahl³doh²di	waterbucket
ced	ᎠᎹᏰᏟ	Ạ²mạ³ye³hli	United States
ced	ᎠᎹᏱ	ạ²ma²³yi	in water, into water
ced	ᎠᎹᏳᏟᏗ	ạ²ma²yuhl⁴di	1. shore 2. bank
ced	ᎠᎺᏉᎢ	ạ²me³gwo⁴ɂi	ocean
ced	ᎠᎾᏓᎪᎾᏘᏗᏍᎬᎢ	a¹nạ²da²go²nạ²tdi²³sgv⁴ɂi	contest
ced	ᎠᎾᏓᏟᏏᎭ	a¹nạ²da³hli²sị³ha	they are gathering
ced	ᎠᎾᎦᎵᎭ	a¹na³²ga²lị³ha	it's lightening
ced	ᎠᎾᎦᎵᏍᎩ	ạ²na¹ga²li²³sgi	1. lightning  2. electricity  3. battery
ced	ᎠᎾᏟᏅᏟ	ạ²nạ²hlị²nv⁴dli	brothers, (more than two)
ced	ᎠᎾᎵᎪᎲᏍᎦ	a¹nạ²li³go²hṿ³sga	1. they are getting together  2. they are dating  (when the dual form is used)
ced	ᎠᏁᏟᏗ	a¹nehl²³di	doll
ced	ᎠᏁᏟᏗᎭ	a³nehl²dị³ha	he's attempting it
ced	ᎠᏁᎳᏗᎠ	a¹ne²³lạ³dị²ɂa	he's getting married
ced	ᎠᏅᏓᏗᎠ	anh¹dạ²dị³ɂa	he's remembering him, it
ced	ᎠᏂ	ạɂ³ni	strawberry
ced	ᎠᏂᏙᎾᎠ	a¹ni²do³²nạ²ɂa	they are standing (congregation)
ced	ᎠᏂᏟᎾ	a¹ni²hlị³na	they are asleep  (two or more)
ced	ᎠᏂᎾ	a¹niɂ³na	they are sitting  (congregation)
ced	ᎠᏂᏁᎵ	ạ²ni²ne⁴li	her husband
ced	ᎠᏂᏍᏆᏂᎢ	Ạ²ni²sgwa²ni⁴ɂi	Mexico
ced	ᎠᏂᏲᏍᎩᎢ	ạ²ni²yọ³sgi⁴ɂi	military service
ced	ᎠᏂᏍᎬᏘ	An¹sgv²ti	May
ced	ᎠᏅᏱ	Ạ²nv²hyi	March
ced	ᎠᏌᏛᏍᎦ	a¹sạ²dv³²sga	he's setting a trap
ced	ᎠᏌᎳᏗᎠ	a¹sạ²lạ²dị³ɂa	he's lifting him, raising him, it
ced	ᎠᏌᎹᏗ	ạ²sạ²ma⁴di	smart
ced	ᎠᏌᏃ	a¹sạ²no	dress
ced	ᎠᏍᏓᎦᏴᏗᎭ	a¹sdạ²gayh²dị³ha	1. he's making it crisp  2. he's starching it
ced	ᎠᏍᏓᎦᏴᎯᎭ	a¹sdạ²gạ²yv²hị³ha	it's becoming crisp
ced	ᎠᏍᏓᏅᏅᎢ	a¹sdạ²nv²hnv⁴ɂi	line
ced	ᎠᏍᏓᏅᏅᏍᎦ	a¹sdạ²nv²hnṿ³sga	he's drawing a line
ced	ᎠᏍᏓᏩᏕᎦ	a¹sda³²wạ²de³ga	he's following him, it
ced	ᎠᏍᏕᎵᎭ	a¹sde²lị³ha	he's helping him
ced	ᎠᏍᏕᏲᎭ	a¹sde³yọ²ha	he's braiding it
ced	ᎠᏍᏗᎩᎠ	a¹sdi²³gị³ɂa	he's eating a long object
ced	ᎠᏍᏗᎩᏍᏗ	ạ²sdi²³gi¹sdi	something to eat (long)
ced	ᎠᏍᏙᎠ	a¹sdo³ɂa	he's crushing it
ced	ᎠᏍᏙᏍᎩᎢ	ạ²sdo¹sgi⁴ɂi	crusher
ced	ᎠᏍᏙᏰᎭ	a¹sdo²yẹ³ha	he's trimming it, (boy's hair, grass, hedge, but not paper, cloth)
ced	ᎠᏍᏚᎲᏍᎦ	a¹sdu³²hṿ²sga	1. he's closing it  2. he's jailing him
ced	ᎠᏍᏚᎢᎠ	a¹sdụ³ɂị²ɂa	he's opening it
ced	ᎠᏍᏛᎭᏟ	ạ²sdv²³hạ²hli	sandwich
ced	ᎠᏍᏛᎭᏢᏍᎦ	a¹sdv²³hạ³hlṿ²sga	he's sandwiching it
ced	ᎠᏎᏛ	a²se³dv³	maybe, perhaps
ced	ᎠᏎᎩ	ạ²se⁴gi	peculiar
ced	ᎠᏎᎮᎭ	a¹sẹ²he³ha	he's showing him
ced	ᎠᏎᏃ, ᎠᏎᏅ	a²se³hno, a²se³hnv	but
ced	ᎠᏎᏍᏗᎭ	a¹sẹ²sdị³ha	he's including him, it (in counting)
ced	ᎠᏎᏏᎭ	a³se²sị³ha	1. he's withdrawing (a motion)  2. he's withdrawing (his candidacy)  3. he's pulling it out (a drawer)
ced	ᎠᏎᏒᏓ	a¹se²³sv⁴da	withdrawn
ced	ᎠᏍᎦᎦ	a¹sga³²ga	he's reprimanding him
ced	ᎠᏍᎦᎭ	a¹sga³²ha	he's afraid
ced	ᎠᏍᎦᏟᎦ	a¹sgahl²ga	he's biting him, it
ced	ᎠᏍᎦᏂ	ạ²sgạ²hni	evil, sin
ced	ᎠᏍᎦᎾᎢ	ạ²sgạ²na⁴ɂi	sinner
ced	ᎠᏍᎦᏅᎦ	a¹sgạ²nv³²ga	he's committing a crime, sin
ced	ᎠᏍᎦᏯ	ạ²sgạ²ya	man
ced	ᎠᏍᎦᏰᎬᏍᏓ	ạ²sgạ²ye²gv⁴sda	handsome
ced	ᎠᏍᎦᏰᎬᏍᏓ	ạ²sgạ²ye²gv²³sda	officer
ced	ᎠᏍᎩᎾ	ạ²sgi²³na	demon, devil
ced	ᎠᏍᎩᏘᏍᎦ	a¹sgi²tsga	he's dreaming about him, it
ced	ᎠᏍᎪᎩᎠ	a¹sgo²gị³ɂa	he's gnawing it
ced	ᎠᏍᎪᏂᎭ	a¹sgo²³hnị³ha	he's mourning for him, it
ced	ᎠᏍᎪᎵᏰᎠ	a¹sgo²li²³yẹ³ɂa	he's rubbing him, it
ced	ᎠᏍᎪᎸᏗᎠ	a¹sgo²³lv³di²ɂa	he's erasing it
ced	ᎠᏍᎪᎸᏗᏍᏗ	a¹sgo²³lv⁴di¹sdi	eraser
ced	ᎠᏍᎪᎸᎦ	a¹sgo²³lv³²ga	it's fading
ced	ᎠᏍᎪᏍᎦ	a¹sgo²³sga	he's digging it
ced	ᎠᏍᎬᏓᎨᏂ	a²sgv²da²ge⁴ni	his shin
ced	ᎠᏍᏆᏗᎠ	a¹sgwạ²dị³ɂa	he's finishing it
ced	ᎠᏍᏆᎨᏂ	ạ²sgwa²ge⁴ni	his side
ced	ᎠᏍᏆᏞᎠ	a¹sgwa³²hlẹ²ɂa	he's catching a falling person, object
ced	ᎠᏍᏆᎳᎢ	ạ²sgwạ²la⁴ɂi	short
ced	ᎠᏍᏆᎶᎦ	a¹sgwạ²lo³²ga	1. it's getting shorter 2. he's getting short on
ced	ᎠᏍᏆᎵᏍᎦ	a¹sgwal³²sga	he's breaking a long object
ced	ᎠᏍᏆᎸᏂᎭ	a¹sgwạ²lv³nị²ha	he's hitting him on the head with a long object
ced	ᎠᏍᏆᏂ	Ạ²sgwa⁴ni	Mexican
ced	ᎠᏍᏆᏂᎪᏍᎦ	a¹sgwạ²nị²go²³sga	he's amazed
ced	ᎠᏍᏆᏄᏥᎦ	a¹sgwạ²nu³²tsga	he's sucking it
ced	ᎠᏍᏉᎭᎸᏂᎭ	a¹sgwo²hạ²lv³nị²ha	he's hitting him on the abdomen with a long object
ced	ᎠᏏᏔᏗᎠ	a¹sih²tạ²dị³ɂa	he's placing his hand on him, it
ced	ᎠᏏᏛᏂᎭ	a¹sih²tv³nị²ha	he's slapping him, it
ced	ᎠᏏᏁᎦ	a³si²ne³ga	he's backing up
ced	ᎠᏏᏂ	a¹si²ni	backwards
ced	ᎠᏏᏴᏫ	ạ²sị²yv⁴wi	individual, one person
ced	ᎠᏍᎪᎵ	ạ²sko⁴li	his head
ced	ᎠᏍᎳᏗᎠ	a¹slạ²dị³ɂa	he's roping him, it
ced	ᎠᏐᏲᎭ	a¹so²³hyọ³ha	he's building a fence
ced	ᎠᏐᏴᎢ	a¹so²³hyv⁴ɂi	fence
ced	ᎠᏐᎸᏓᎩᎠ	a¹so²lv²dạ²gi³ɂa	he's waving his hand
ced	ᎠᏐᏅᏍᏗᎭ	a¹son³²sdị³ha	he's pressing down on him, it
ced	ᎠᏐᏅᏍᎦ	a¹so²nv²sga	he's wounding him, it
ced	ᎠᏍᏘ	ạ²sti	1. string 2. thread
ced	ᎠᏑᎠ	a¹su³ɂa	he's sopping it
ced	ᎠᏑᎲᏍᎦ	a¹su²³hṿ³sga	he's fishing
ced	ᎠᏑᏫᏍᎦ	a¹su²³hwị³sga	he's painting it
ced	ᎠᏑᎳᎢᏴᎠ	a³su²lạ³ɂi²yv³ɂa	he's changing his pants
ced	ᎠᏑᎴᎠ	a³su²le³ɂa	he's taking his pants off
ced	ᎠᏑᎵᎠ	a³su²lị³ɂa	he's putting his pants on
ced	ᎠᏑᎵᎪᎦ	a¹su²lị²go³ga	he's quitting
ced	ᎠᏑᎶ	a¹su²lo	pants
ced	ᎠᏑᏍᏗ	ạ²su³sdi	gravy
ced	ᎠᏑᏰᎠ	a¹su²ye³ɂa	he's choosing him, it
ced	ᎠᏑᏰᎭ	a¹su³yẹ²ha	he's stirring it
ced	ᎠᏑᏴᏍᎦ	a¹su²yṿ³sga	he's mixing it in
ced	ᎠᏒᎦ	a¹sv³²ga	it smells
ced	ᎠᏒᏆᎶᏍᎩᎢ	ạ²sv²gwạ²lo¹sgi⁴ɂi	sawmill
ced	ᎠᏒᏢᎢ	a¹svh²dlv⁴ɂi	bridge
ced	ᎠᏒᏂᎭ	a¹sv²hnị³ɂha	he's touching him, it
ced	ᎠᏒᎲᏍᎦ	a¹sṿ²hṿ³sga	1. he, it's using it up 2. he's drinking, eating it up
ced	ᎠᏒᏃᏱ	Ạ²sv²no²³yi	Nighthawk
ced	ᎠᏔ	a⁴ta	young woman
ced	ᎠᏔᏝᏬᎯᏍᏗ	ạ²tạ²hlạ²wo²hị²sdi	rage
ced	ᎠᏔᏬᏍᏗᎭ	a¹tạ²hwo³sdị²ha	he's holding his breath
ced	ᎠᏔᎳᏗᎠ	a¹tạ²lạ²dị³ɂa	he's mooring a boat
ced	ᎠᏔᎴᏍᎦ	a¹tạ²le²sga	he's drilling a hole
ced	ᎠᏔᎴᏒᎢ	a¹tạ²le²sv⁴ɂi	hole
ced	ᎠᏔᏃᎴᎦ	a¹ta²no²³le³²ga	it's steaming
ced	ᎠᏔᏄᏣ	a²tạ²nu⁴ja	adolescent girl
ced	ᎠᏔᏍᎩᎠ	a¹tạ²sgi³ɂa	it's exploding
ced	ᎠᏔᏍᎩᏍᏗᎭ	a¹tạ²sgi³sdi²ha	he's exploding it
ced	ᎠᏔᏍᎩᏍᎩ	ạ²tạ²sgi⁴sgi	explosive
ced	ᎠᏔᏪᏙᎥᏍᎦ	a¹tạ²we²³dọ³ɂṿ²sga	he's kissing her
ced	ᎠᏔᏬᎠ	a¹tạ²wo³ɂa	he's combing someone's hair
ced	ᎠᏔᏲᎯᎭ	a¹tạ²yo²hị³ha	he's asking for it
ced	ᎠᏖᎳᏗᎠ	a¹tẹ²lạ²dị³ɂa	he's joining
ced	ᎠᏖᎵᏙ	ạte²li²³do	dish, plate
ced	ᎠᏖᎸᎲᏍᎦ	a¹te³lv²hṿ³sga	he's shaking him, it
ced	ᎠᏘᏟᏗ	ạ³tihl²di	shirt, blouse
ced	ᎠᏘᏂ	a¹tị³hni	he's leading him
ced	ᎠᏘᏲᎯᎭ	a¹tị²yo²³hị³ha	he's arguing
ced	ᎠᏘᏲᏍᏗ	ạ²tị²yo²³sdi	argument
ced	ᎠᏟ	a¹tli	he's running
ced	ᎠᏙᎩᏯᎠ	a¹toh²gi²³yạ³ɂa	1. he's racing 2. he's running for office
ced	ᎠᏙᎩᏯᏍᎩ	ạ¹toh²gi³ya¹sgi	1. candidate 2. racer
ced	ᎠᏙᎵᏓ	ạ²to²³lị²da	borrowed
ced	ᎠᏙᎵᏍᏗᎭ	a¹tol²sdị³ha	he's loaning it to him
ced	ᎠᏙᎵᏍᎦ	a¹tol²sga	he's borrowing him, it
ced	ᎠᏙᏯᏩᏍᎦ	a¹to²³yaw³²sga	it's flashing (reflected light)
ced	ᎠᏥᏍᏕᎠ	a¹tsde³ɂa	he's taking a bite
ced		booger	
ced		booger	
ced	ᎠᏥᎪᎥᏍᎦ	ạ²tsgo³ɂṿ²sga	he's lying
ced	ᎠᏚᎩᎠ	ạ¹tu²³gị³a	he's taking a drink (alcoholic beverage)
ced	ᎠᏚᎩᏍᏗ	ạ²tu²³gi⁴sdi	alcoholic beverage
ced	ᎠᏚᎢᏍᏗᎭ	a¹tụ³ɂị²sdị³ha	he's promising
ced	ᎠᏛᏓᏍᏗᎭ	a¹tv²da³²sdị²ha	he's listening to it, him
ced	ᎠᏛᏛᎲᏍᎦ	a¹tv²³dv³hṿ²sga	1. he's asking him a question., 2. he's asking a question
ced	ᎠᏛᎩᎠ	a¹tv²gi³ɂa	he hears him, it
ced	ᎠᏛᎯᏍᏗᎭ	a¹tṿ²hị²sdị³ha	1. he's raising him, it., 2. he's growing it., (plant)
ced	ᎠᏛᏍᎦ	a¹tṿ²sga	he, it's growing
ced	ᎠᏫᎾ	ạ²wi⁴na	young man
ced	ᎠᏫᏄᏣ	ạ²wi²nu⁴ja	adolescent boy
ced	ᎠᏬᎭᎵ	ạ²wo²³hạɂ³li	eagle
ced	ᎠᏯᎠ	a¹yạ³a	he's inside
ced	ᎠᏯᏄᎵ	a²yạ²nu⁴li	fast
ced	ᎠᏯᏙᎯᎭ	a¹ya³²tọ²hị³ha	he's distributing it
ced	ᎠᏯᏙᎯᎯ	ạ³ya¹tọ²hị²hi	1. one who distributes, 2. deacon
ced	ᎠᏯᏙᏢᎢ	a¹ya³²tọ²hlv⁴ɂi	chapter
ced	ᎠᏰᎦ	a¹ye³ga	he's waking up
ced	ᎠᏰᏟ	ạ²ye⁴hli	1. center, middle., 2. half., 3. half dollar
ced	ᎠᏰᎢᏍᏗᎭ	a¹ye³ɂị²sdị²ha	he's waking him up
ced	ᎠᏰᎸᎢ	ạ²ye²lv⁴ɂi	his body
ced	ᎠᏰᏗᎭ	ayh¹dịha	he's putting him inside, (somewhere large enough to move around).
ced	ᎠᏰᎦ	ayh³ga	it's crowing, (rooster)
ced	ᎠᏱᎭ	a¹yị³ha	1. he's getting a long object., 2. he's picking up a long object.
ced	ᎠᏲᏓᏝᎲᎢ	a¹yo²da²³hlạ²hv⁴ɂi	floor
ced	ᎠᏲᎦ	a¹yo³ga	1. it's breaking  2. he's becoming spoiled
ced	ᎠᏲᎯᎭ	a¹yo²hị³ha	he's shooting him, it
ced	ᎠᏲᎯᏍᏗᎭ	a¹yọ³hị²sdị³ha	he's taking a break
ced	ᎠᏲᏟ	ạ²yo⁴hli	1. child, 2. small object
ced	ᎠᏲᏢᏍᎦ	a¹yo²hlṿ³sga	1. he's whittiling it., 2. he's carving it., 3. he's hewing it.
ced	ᎠᏲᎱᎯᏍᏗ	ạ²yo²hu²hị²sdi	death
ced	ᎠᏲᎱᏍᎦ	a¹yo²hu²sga	he's dying, (human)
ced	ᎠᏲᎢᏍᏗᎭ	a¹yọ³ɂi²sdị³ha	he's breaking it up
ced	ᎠᏲᎵᎭ	a¹yo³lị²ha	he's greeting him
ced	ᎠᏲᏍᏗᎭ	a¹yo³sdị²ha	1. he's breaking it., 2. he's spoiling him.
ced	ᎠᏲᏍᎩ	ạ³yọ²sgi	soldier
ced	ᎠᏲᏍᏔᏃᎲᏍᎦ	a¹yo³stạ²nọ³hṿ³sga	he, it's destroying it
ced	ᎠᏲᎤᏟ	ạ²yọ²ɂu⁴hli	lame, crippled
ced	ᎠᏯ, ᎠᏴ	ạ²ya, ạ²yv	I, me, we, us., (see Gram. III, A)
ced	ᎠᏴᎯᎭ	a¹yv²hị³ha	he's entering it
ced	ᎠᏴᏩᏘᎭ	a¹yv²hwah²tị³ha	he's finding a long object
ced	ᎠᏴᏫᏗᎭ	a¹yv²hwi²dị³ha	he's taking a long object somewhere
ced	ᎠᏴᏍᏙᏗᎢ	ạ¹yv²sdoh³di⁴ɂi	entrance
ced	ᎠᏴᏫ, ᏴᏫ	ạ²yv²wi, yv²wi	person, human, people
ced	ᎠᏴᏫᏯᎢ	Ạ²yv²wi²ya⁴ɂi	Indian
ced	ᎠᏴᏭᏁᎦ, ᎠᏲᏁᎦ	ạ²yv³wụ³ne²ga, ạ²yo³ne²ga	white person
ced	ᏣᏁᎳ, ᏧᏁᎳ	chạ²ne²³la, chụ²ne²³la	eight
ced	ᏥᏃᏍᎦ	chị²no²sga	coal
ced	ᏧᎦ	chuh²ga	flea
ced		d-	(see de-)
ced		da-	future tense, (see Gram. I, A)
ced		da-	motion towards speaker (see Gram. I, A)
ced	ᏓᏓᎿᏫᏍᏗᎭ	da¹da²hnaw³²sdị³ha	He's making an X
ced	ᏓᏓᎿᏫᏍᏛᎢ ᏅᏃᎯ	da¹da²hnaw³²sdv⁴ɂi nv²no²³hi	crossroads
ced	ᏓᏓᏁᏎᎠ	da¹da²hne²se³ɂa	he's conjuring
ced	ᏓᏓᏂᎸᎦ	da¹dạ²ni²lv³ga	he's accepting him, it
ced	ᏓᏓᏅᏗᏍᏗᎭ	da¹dạ²nv²³di³²sdị²ha	he's dodging
ced	ᏓᏓᏬᎠ	da¹da²wo³ɂa	he's performing a baptism
ced	ᏓᏓᏲᏍᎦ	da¹da²yọ³sga	he's giving up
ced	ᏓᏕᏲᎲᏍᎦ	da¹de²yo²³hṿ³sga	he's teaching
ced	ᏓᏠᏱᎭ	da¹dlo²hyị³ha	he's weeping
ced	ᏓᎦᏨᏍᏗᎭ	da¹gạ²chv³sdị²ha	he's being married
ced	ᏓᎬᎾ	dạ²gv²³na	1. oyster, 2. pearl, 3. pimple
ced	ᏓᎬᏩᎶᏗᎭ	da¹gv²wahl²dị³ha	he's setting a price
ced	ᏓᏆᎴᎳ	dạ²gwạ²le³la	car, wagon
ced	ᏓᏟᎨᎭ	da¹hlih²gẹ³ha	he, it's rocking
ced	ᏓᏟᎶᏍᏗᎭ	da¹hli²lo³sdị²ha	1. he's drawing a picture of him, it; 2. he's photographing him, it
ced	ᏓᏟᏃᎮᎭ	da¹hlị²no²hẹ³ha	he's conversing
ced	ᏓᎵᏔᏕᎦ	dahl¹tạ²de³ga	he's jumping
ced	ᏓᎾᏩ	da²hnạ²wa	war
ced	ᏓᎿᏩᎢᏴᎠ	da¹hnạ²wạ³ɂi²yv³ɂa	he's changing clothes
ced	ᏓᎿᏪᎠ	da¹hnạ²we³ɂa	he's undressing
ced	ᏓᎿᏬᎠ	da¹hnạ²wo³ɂa	he's putting on clothes
ced	ᏓᏄᎪᎢ	Da²hnu³go⁴ɂi	Vian
ced	ᏓᎲᏛᏍᎦ	da¹hv²tṿ³sga	He's putting fuel (solid) into a fire
ced	ᏓᏴᎩᎠ	da¹hyv²³gị³ɂa	1. he's tickling him; 2. he's spurring a horse
ced	ᏓᏤᏝ	da¹je²³hla	better
ced	ᏓᏥᏡᏍᎦ	da³jị²hlụ³sga	he's squatting
ced	ᏓᎧᏁᎯᎭ	da¹kạ²ne²³hị³ha	he's tying it
ced	ᏓᎧᏁᏱᎭ	da¹kạ²ne²³hyị³ha	he's untying it
ced	ᏓᎧᏃᏩᏗᏙᎭ	da¹kạ²no²wạ²di²³do³²ha	he's looking after him
ced	ᏓᎨᏩᎦ	da¹ke²³wa³²ga	he's becoming blind
ced	ᏓᎩᏏ	dạ²ksi	terrapin
ced	ᏓᎩᏏ	dạ²ksi	1. padlock 2. door knob
ced	ᏓᎦᏒᏍᏗᎭ	da¹ksv³sdị³ha	1. he's making smoke; 2. it's smoking
ced	ᏓᎦᏔᎾᏩᏍᎦ	da¹ktạ²naw³²sga	he's blinking
ced	ᏓᎦᏔᏍᏗᎭ	da¹kta³²sdị²ha	he's closing his eyes
ced	ᏓᎦᏘᎴᎦ	da¹kti²³le³²ga	he's attacking him, it
ced	ᏓᎦᏘᏅᏕᎠ	da¹ktị²nv²de³ɂa	he's taking off his glasses
ced	ᏓᎦᏘᏅᏛᏍᎦ	da¹ktị²nv²tṿ³sga	he's putting on glasses
ced	ᏓᎦᏟᎭ	da¹ktlị³ha	he's shelling corn
ced	ᏓᏆᎳᎩᎠ	da¹kwạ²la²gi³ɂa	he's snoring
ced	ᏓᏆᏲᎥᏍᎦ	da¹kwạ²yo³ɂṿ²sga	he's sprinkling it (with a liquid, powder, salt, etc.)
ced	ᏓᏈᏌᏂ	dạ²kwsạ³ni	turnip
ced	ᏓᎳᎳ	dạ²la²la	woodpecker
ced	ᏓᎳᏑᏢᏍᎦ	da¹la³²su²hlṿ³sga	he's putting on shoes
ced	ᏓᎳᏑᎳᎢᏴᎠ	da¹la³²su²lạ³ɂi²yv³ɂa	he's changing shoes
ced	ᏓᎳᏑᎴᎠ	da¹la³²su²le³ɂa	he's taking off his shoes
ced	ᏓᎴᏗᎭ	da¹leh²dị³ha	1. he's helping him up 2. he's standing it up (object with legs)
ced	ᏓᎴᎯᏏᎭ	da¹le²hi²³sị³ha	he's recuperating
ced	ᏓᎴᎲᏍᎦ	da¹le²hṿ³sga	he's getting up (from sitting or from involuntarily assumed prone position)
ced	ᏓᎵᏆ	Dạ²lị³gwa	Tahlequah
ced	ᏓᎵᏰᏑᎴᎠ	da¹lị²ye³²su²le³ɂa	he's taking off his gloves
ced	ᏓᎵᏰᏑᎵᎠ	da¹lị²ye³²su²lị³ɂa	he's putting his gloves on
ced	ᏓᎵᏲᎩᎠ	da¹li²³yo³gị²ɂa	he's taking off his socks
ced	ᏓᎵᏲᎯᎠ	da¹li²³yo³hị²a	he's putting on his socks
ced	ᏓᎵᏲᏏᎭ	da¹li²³yo³sị²ha	he's changing his socks
ced	ᏓᎵᏐᏍᏗᎭ	dal¹so²sdị³ha	1. he's aiming at him, it  2 . he's aiming it
ced	ᏓᎹᎦ	da²mạ³ga	horsefly
ced	ᏓᎾᏓᎯᎵᏙᎭ	da¹nạ²da²hịɂ³li²³do³²ha	they are having a trial
ced	ᏓᎾᏠᏍᎦ	da¹nạ²dlo²sga	1. they are meeting 2. they are meeting someone
ced	ᏓᎾᎦᎴᏂᎭ	da¹nạ²gạ²le²nị³ha	they are separating
ced	ᏓᏁᎶᏗᎭ	da³nehl²dị³ha	he's playing with him, it
ced	ᏓᏁᎶᎲᏍᎦ	da³ne²lo²³hṿ³sga	he's playing
ced	ᏓᏂᎳᏫᎦ	da¹ni²la³²wi¹ga	they're having church services
ced	ᏓᏂᏍᏓᏲᎯᎲᎢ	Da¹ni²sdạ²yo²hị²hv⁴ɂi	Christmas
ced	ᏓᏂᏰᎵᏍᎦ	da¹ni²ye²li²sga	they are adjourning
ced	ᏓᏍᏓᏲᎯᎭ	da¹sdạ²yo²hị³ha	1. v. t. he's shooting at him  2. v.i. he's shooting
ced	ᏓᏍᏡᏍᎦ	da¹sdlu³²sga	he's splitting it
ced	ᏓᏍᏚᏟᎠ	da¹sdu²dlị³ɂa	he's sprinkling it (with a liquid)
ced	ᏓᏎᎯᎭ	da¹sẹ²hị³ha	he's counting it, them
ced	ᏓᏍᎩᎾᏗᎠ	da¹sgi²³na³dị²ɂa	1. v.t. he's cursing him, it  2. v.i. he's cursing
ced	ᏓᏏᏛᏂᎭ	da¹sih²tv³nị²ha	1. v. t. he's clapping his hands 2. v.i. he's applauding
ced	ᏓᏍᏔᏰᏍᎦ	da³stạ²ye²sga	he's getting exhausted
ced	ᏓᏑᏫᏍᎦ	da¹sụ²hwị³sga	it's barking
ced	ᏓᏒᏍᏗᎭ	da¹sv²sdị³ha	he's scheduling time
ced	ᏓᏖᏍᎦ	da¹te²³sga	he's ironing
ced	ᏓᏫᏍᎦᎳ	dạ²wi²³sgạ³la	flint
ced	ᏓᏫᏍᎬᎯ	dạ²wi²sgv⁴hi	slippery
ced	ᏓᏬᎵ	dạ²wo³li	mushroom
ced	ᏓᏬᎵᏳᏍᏗ	dạ²wo³lị²yu⁴sdi	cork
ced	ᏓᏲᏍᎦ	da¹yọ³sga	he's releasing him
ced	Ꮥ-	de-	verbal prefix - plural object (see Grammar. I, A)
ced	ᏕᎦᎵᏗ	de³gahl²di	sack
ced	ᏕᎦᎸᏛᏂᏍᏗᎭ	de²gạ³lv²dv²³ni³²sdị²ha	he's slamming him, it
ced	ᏕᎦᎾᏗᏫᏍᎦ	de²gạ³nạ²diw³sga	he's crossing (a road, bridge, etc.)
ced	ᏕᎦᏃᏣᏢᏍᎦ	de²gạ³no²jạ²hlṿ³sga	1. he's advertising it  2. he's announcing it
ced	ᏕᎦᏐᎦ	de²ga³soh³ga	he's crossing it (a body of water)
ced	ᏕᎨᏛᏍᎦ	de²ge³tṿ²sga	he's enduring it (idiom)
ced	ᏕᎪᏏᏏᎭ	de²go³²si²sị³ha	he's explaining it (a Biblical text)
ced	ᏕᎫᎪᏗᎭ	de²gu³kdị³ha	he's deciding
ced	ᏕᎬᏗᏰᎠ	de²gv³di²³yẹ³ɂa	he's washing (dishes)
ced	ᏕᎬᏙᎯᎠ	de²gv³tọ²hi³ɂa	he's shelling, picking out (peas, nut meats, etc.)
ced	ᏕᎭᎷᏱ	De²hạ²lu²³yi	June
ced	ᏕᎧᎵᏆᏕᎦ	de²kạ³lih²gwạ²de³ga	he's turning, it over
ced	ᏕᎧᏃᎩᎠ	de²kạ³no²gi³ɂa	he's singing
ced	ᏕᎧᏄᎪᏍᎦ	de²kạ³nugosga	he's clawing him
ced	ᏕᎧᏴᏍᏉᎢᎭ	de²kạ³yv²³sgwọ³ɂị²ha	(see giga dekayvsgwoiha)
ced	ᏕᎬᎩᎶᎠ	de³kgi²lo³ɂa	he's washing flexible objects (including clothes)
ced	Ꮧ-	di-	noun prefix plural (see Gram. II, A)
ced	Ꮧ-	di-	(see de-)
ced	Ꮧ-	di-	verbal prefix - distant position (see Gram. I, A)
ced	ᏗᏨᏍᏗ	di²chv³sdi	marriage
ced	ᏗᏓᎯᎯ	di²da³hị²hi	murderer
ced	ᏗᏓᎯᎵᏓᏍᏗᎢ, ᏧᎾᏓᎯᎵᏓᏍᏗᎢ	di²da²hịɂ²li²³da³²sdi⁴ɂi, ju²nạ²da²hịɂ²li²³da³²sdi⁴ɂi	courthouse
ced	ᏗᏓᏟᎶᏍᏗᏍᎩ	di²da²hli²lo¹sdi⁴sgi	1. camera  2. photographer
ced	ᏗᏓᏟᎶᏍᏔᏅᎢ	di²da²hli²lo¹stạ²nv⁴ɂi	1. picture  2. photograph
ced	ᏗᏓᎿᏫᏓ, ᏧᏓᎿᏫᏓ	di²da³hna¹wị²da, ju²da³hna¹wị²da	cross
ced	ᏗᏓᏁᏎᏍᎩ	di²da²hne²se⁴sgi	conjurer
ced	ᏗᏓᏅᏫᏍᎩ	di²da²hnv²wi⁴sgi	medicine man
ced	ᏗᏓᏰᏠᎯ	di²da²hye²³hlọ²hi	surgeon
ced	ᏗᏓᏁᎸᎢ	di²da³ne²lv⁴ɂi	at home
ced	ᏗᏓᏅᏙᏍᏗ	di³danh²tọ²sdi	false teeth, dentures
ced	ᏗᏓᏂᏐᏗᎢ, ᏧᎾᏓᏂᏐᏗᎢ	di²da²ni²³soh³di⁴ɂi, ju²nạ²da²ni²³soh³di⁴ɂi	cemetery
ced	ᏗᏓᏂᏱᏍᎩ	di²da²ni²³yi⁴sgi	policeman
ced	ᏗᏓᏍᏓᏴᎲᏍᎩ	di²da²sda¹yv²³hṿ²sgi	cook
ced	ᏗᏓᏍᏙᏰᏍᎩ	di²da²sdo²ye⁴sgi	barber
ced	ᏗᏓᏍᏚᏗᎢ, ᏧᎾᏓᏍᏚᏗᎢ	di²da²sdu¹di⁴ɂi, ju²nạ²da²sdu¹diɂi	jail
ced	ᏗᏓᏘᏂᏙᎯ	di²da²tị²hni²do⁴hi	leader
ced	ᏗᏓᏙᎵᏍᏗᏍᎩ	di²da²tol²sdi⁴sgi	lender
ced	ᏗᏓᏬᏍᎩ	Di²da²wo⁴sgi	Baptist
ced	ᏗᏕᏠᏆᏍᎩ	di²de²³hlo²gwa¹sgi	student
ced	ᏗᏕᏲᎲᏍᎩ	di²de²hyo²³hṿ²sgi	teacher
ced	ᏗᏜ	di³dla	toward
ced	ᏗᏠᎯᏍᏗᎢ	di²dlo²hị²sdi⁴i	meeting place
ced	ᏗᏢᏈᏍᏙᏗ	di²dlv²kwị³sdoh²di	excuse
ced	ᏗᎦᏛᏗ	dị²gạ²dv³di	1 pear  2. scales (weighing)
ced	ᏗᎦᎳᏫᏍᏗᎢ, ᏧᏂᎳᏫᏍᏗᎢ	dị²gạ²la¹wị²sdi⁴ɂi, ju²ni²la¹wị²sdi⁴ɂi	church
ced	ᏗᎦᎴᏅᎯᏓ	dị²gạɂ²le²³nv³hi⁴da	long-eared
ced	ᏗᎦᎶᎩᏍᎩ	dị²gạ²lo²gi⁴sgi	farmer
ced	ᏗᎦᎸᏅᎯ	dị²gạ²lv¹nv²hi	dumplings
ced	ᏗᎦᏃᏣᎸᏗ	dị²gạ²no²³jahl²di	announcement
ced	ᏗᎦᎾᏐᏗᎢ	dị²gan²so¹di⁴ɂi	pantry
ced	ᏗᎦᏄᎳᏥ	dị²gạ²nu²lạ²ji	his ribs
ced	ᏗᎦᏘᏗᎢ	dị²ga¹tdi⁴ɂi	oven
ced	ᏗᎦᏘᏍᏗ	dị²ga²tị³sdi	gig
ced	ᏗᎪᏪᎵ	dị²go²hwe²li	1. papers  2. book
ced	ᏗᎪᏪᎶᏗ	dị²go²hwe²³lo¹di	pencil
ced	ᏗᎪᏏᏐᏗ	dị²go¹si²³soh³di	discussion (Biblical)
ced	ᏗᎫᎵᏗᏍᎩ	dị¹guhl¹di²³sgi	mud dauber
ced	ᏗᎫᎪᏗᏍᎩ	dị²gu²kdi⁴sgi	judge
ced	ᏗᎯᎯ	di³hị²hi	one that kills
ced	ᏗᏟᏃᎮᏗᎢ, ᏧᎾᏟᏃᎮᏗᎢ	di²hlị²no²heh²di⁴ɂi, ju²nạ²hlị²noh²he²di⁴ɂi	telephone
ced	ᏗᎵᏔᏕᎩ	dihl²tạ²de⁴gi	jumper
ced	ᏗᎿᏬ	di²hnạ²wo	clothing, clothes
ced	ᏗᎿᏬᏍᏙᏗ	di²hnạ²wo³sdoh²di	covers (bed)
ced	ᏗᏁᎯᎯ	di¹hne²³hị²hi	wrestler
ced	ᏗᏁᏍᎨᏍᎩ	di²hne¹sge⁴sgi	carpenter
ced	ᏗᏴᎩᏍᏗ	di²hyv²³gi¹sdi	spurs
ced	-ᏗᎢ	-dɂi	infinitive (see Gram. I, D)
ced	ᏗᏣᎳᎩ	Di²jạ²lạ²gi	Cherokee (written)
ced	ᏗᎧᎸᎬᎢ	dị²kạ²lv²³gv⁴ɂi	east
ced	ᏗᎧᏃᎩᏍᏗ	dị²kạ²no²gi⁴sdi	1. song book  2. musical instrument
ced	ᏗᎧᏃᏩᏗᏙᎯ	di²kạ²no²wạ²di²do⁴hi	angel
ced	ᏗᎧᏃᏩᏛᏍᏗ	di²kạ²no²wạ²dv³sdi	law
ced	ᏗᎬᏜᏗᏍᎩ	dị²kdlạ²di¹sgi	1. fireman  2. firetruck
ced	ᏗᎬᏢᏗ	dị²kdlvh³di	sharpener
ced	ᏗᎨᏫ	di²ke⁴wi	blind
ced	ᏗᎦᏘᏅᏘᏗ	di²ktị²nv⁴tdi	eyeglasses
ced	ᏗᎦᏙᏗ	dị³ktoh²di	binoculars
ced	ᏗᏆᎾᏲᏍᏗ	di²kwạ²nạ²yo²³sdi	playing cards
ced	ᏗᏆᏲᏗ	di²kwạ²yo⁴di	pepper
ced	ᏗᎵᏍᏙᏰᏗ	dil²sdoyh²di	scissors
ced	-ᏗᎾ	-dina	Imperative intensifier (see Gram. I, D)
ced	ᏗᎾᏓᏅᏟ	di²nạ²da²hnv⁴hli	1. brothers (dl.excl.) 2. his brother
ced	ᏗᏁᎵᏙᏗ	di¹nehl³doh²di	toy
ced	ᏗᏂᏓᎿᏫ	di²ni²da³hnạ²wi	1. enemies  2. his enemy
ced	ᏗᏎᎯᏍᏗᎢ	di¹se²³hị³sdi⁴i	dresser
ced	ᏗᏎᏍᏗ	di²sẹ³sdi	numbers
ced	ᏗᏑᏫᏍᏗ	di²su²³hwị³sdi	paint
ced	ᏗᏔᎴᏍᏗ	di²tạ²le²³sdi	drill
ced	ᏗᏖᏍᏗ	di²te²³sdi	iron
ced	ᏗᏘᏲᎯᎯ	di²tị²yo²³hị²hi	lawyer
ced	ᏜᎢᏓ	dla¹ɂị²da	poke (greens)
ced	ᏜᎺᎭ	dla²me²ha	bat
ced	ᏜᏄᏏ	dla²nu³si	leech
ced	ᏜᏱᎦ	dlayh¹ga	bluejay
ced	ᏜᏱᎬᎢ	Dlayh¹gv⁴ɂi	Jay
ced	ᏠᎨᏏ	dlo²ge⁴si	1. garden, field  2. meadow, pasture
ced	ᏡᏡ	dlu¹dlu	purple martin
ced	Ꮲ	dlv	approximately
ced	Ꮲ, ᎢᎸᏢᎢ	dlv, ị²lvh²dlv⁴ɂi	somewhere
ced	-Ꮩ-	-do-	here-and-there (see Grammar I, D)
ced	ᏙᏓᏆᏍᎬᎢ	Do²³dạ³gwa¹sgv⁴ɂi	Sunday
ced	ᏙᏓᏈᏕᎾ	Do²³dạ³gwi²de⁴na	Saturday
ced	ᏙᏓᏉᏅᎢ	Do²³dạ³gwọ²hnvɂi	Monday
ced	-Ꮩ-	-doh	accidental (see Grammar I, C)
ced	ᏙᎯᏳ	do²hị²yu	really, very
ced	ᏙᏌ	do²sa	mosquito
ced	ᏙᏒᏓᎵ	do²sv²³dạɂ³li	ant
ced	ᏙᏱ	do²³yi	outside
ced	ᏙᏳ	do²yu⁴	really, very
ced	ᏚᏓᏘᎿᎥᎢ	du¹da²tị²hnạ²ɂv⁴ɂi	his family
ced	ᏚᏠᏍᎦ	du¹dlo²sga	he's confronted with it
ced	ᏚᏙᎠ	du¹do²ɂa	he is called, he is named
ced	ᏚᏙᎦᏗᎭ	du¹do³²kdị³ha	he's staggering
ced	ᏚᏇᏃᏘᏍᎦ	du¹gwe²no³tị²sga	he's getting a rash
ced	ᏚᎷᎦ	duhl¹ga	he has horns
ced	ᏚᏴᏍᏙᏯᏍᎦ	du¹hyv²³sdoy³²sga	he's sneezing
ced	ᏚᎦᏍᏗᎭ	du¹ksdị²ha	he's vomiting
ced	ᏚᎦᏘᏅᏔ	du²ktị²nv²ta	he's wearing glasses
ced	ᏚᎳᏑᏝ	du¹la³²su²hla	he's wearing shoes
ced	ᏚᎵᏍᏗ	Du²li¹sdi	September
ced	ᏚᎵᏰᏑᎳ	du¹lị²ye³²su²la	he's wearing gloves
ced	ᏚᎵᏲᎭ	du¹li²³yo³ha	he's wearing socks
ced	ᏚᎶᏥᎬᎢ	du¹lo³tsgv⁴ɂi	fork (in a tree)
ced	ᏚᎸᏫᏍᏓᏁᎭ	du¹lv²³hwị³sda¹nẹ²ha	he's working
ced	ᏚᏂᏂᏗ	Du¹ninh²di	October
ced	ᏚᏍᏓᏃᏴᎦ	du³sdạ²no²hyvh²ga	he's making footsteps
ced	ᏚᏍᎦᎴᏍᏗᎭ	du³sgạ²le³sdị²ha	he's releasing it, (involuntarily)
ced	ᏚᏯᏪᎦ	du¹yạ²we³ga	he's tired
ced	ᏚᏲᏍᎦ	du¹yọ³sga	He's releasing it, (voluntarily)
ced	ᏚᏳᎪᏛᎢ	du¹yu²kdv⁴ɂi	the truth
ced		-dv	affirmative, (see Gram. I, D)
ced		e-	passive, (see Gram. I, A)
ced		e-	imperative, (see Gram. I, A)
ced		-e-	benefactive, dative (see Gram. I, C)
ced		-e-	1. repeatedly., 2. Going somewhere in order to _____.  (see Gram. I, C)
ced	ᎡᏙᎭ	e²do³ha	1. he's walking around., 2. he's here
ced	ᎡᎦ	e³ga	he's going
ced	ᎡᏆ	e⁴gwa	huge, large
ced	ᎡᏉᏂ	e²gwo²³ni	sea
ced	ᎡᎭ	e²³ha	he lives
ced	ᎡᎯ	e⁴hi	resident, dweller
ced	ᎡᎯᏯᎢ	e²hi²ya⁴ɂi	indigenous
ced	ᎡᏝᏪᎢ	e²hlạ²we⁴ɂi	quiet
ced	ᎡᎿᎢ	e³hnạ²i	animals (non-domesticated)
ced		-eɂi	reportative, (see Gram. I, D)
ced	ᎡᎳᏗ	e²lạ²di	1. down, 2. on foot
ced	ᎡᎵᎠ	e¹lị³a	he thinks so
ced	ᎡᎵᏊ	e²li⁴gwu	enough, it's enough
ced	ᎡᎵᏊ	e²li⁴gwu	it's possible
ced	ᎡᎵᏍᏗ	e⁴li¹sdi	it seems that
ced		-esdi	or. (see Gram. I, D)
ced		g-	First and third singular subject. (see Gram. I, B)
ced		-g-	progressive. (see Gram. I, C)
ced		ga-	since. (see Gram I, A)
ced		ga-	third singular subject  (see Gram. I, B)
ced		ga-	third person plural animate object. (see Gram. I, B)
ced	ᎦᏥᏃᏍᏓ	ga²chị²no⁴sda	straight.
ced	ᎦᏥᏃᏏᎭ	ga²chị²no²sị³ha	he's straightening it
ced	ᎦᏓ	ga²³da	1. soil  2. land
ced	ᎦᏓᎠ	gạ²dạ³ɂa	it (flexible object) is hanging
ced	ᎦᏓᏗ	ga¹dạɂ³di	flag
ced	ᎦᏓᎫᎫ	ga²³dạ³gu¹gu	crock
ced	ᎦᏓᏆᎳ	ga²dạ²gwạ³la	clay
ced	ᎦᏓᎭᎢ	ga²da²ha⁴ɂi	dirty
ced	ᎦᏓᎷᎩᎠ	ga²dạ²lu²³gị³ɂa	he's plowing it
ced	ᎦᏓᎷᎪᏗ	ga²dạ²lu³go¹di	plow
ced	ᎦᏕᎠ	gạ²de³ɂa	he's removing it (solid or flexible object) from a hanging position
ced	ᎦᏕᏯᏍᏗᎭ	ga²dey²³sdị²ha	he's turning it
ced	ᎦᏗᎨᏂ	ga¹di²ge⁴ni	his heel
ced	ᎦᏗᏆᎸᏕᏯᏍᏗᎭ	ga²di³gwạ²lv²dey²³sdị²ha	he's spinning it
ced	ᎦᏠᎯᎭ	ga³dlo²hị³ha	he's strapping it
ced	ᎦᏙ	gạ²do¹	what (a verb reply expected)
ced	ᎦᏙᎦ	gạ²do³²ga	he's standing
ced	ᎦᏙᎯ	ga²do⁴hi	on the ground
ced	ᎦᏙᎲ	gạ²do¹hv³	why
ced	ᎦᏙᎵᎦ	ga²do²³li³²ga	he's pitying him
ced	ᎦᏙᏅᏗᎭ	gạ²dohn³dị³ha	he is dropping him, it (flexible)
ced	ᎦᏙᏍᎦ	gạ²dọ³sga	it (a flexible object) is falling from a hanging position
ced	ᎦᏙ ᎤᏍᏗ	gạ²do² u⁴sdi	which
ced	ᎦᏙ ᎤᏍᏗ	gạ²dọ² u²sdi	what (a noun or infinitive reply expected)
ced	ᎦᏚ	ga⁴du	bread
ced	ᎦᏚ	gạ²du³	on top
ced	ᎦᏚᎩ	ga²du³gi	cooperative labor (involving a community)
ced	ᎦᏚᎲᎢ	ga²du³hv⁴ɂi	town
ced	ᎦᏚᎲᏍᎦ	ga³du²hṿ³sga	he's baking it
ced	ᎦᏚᎵᏓ	ga¹du²li⁴da	wet
ced	ᎦᏚᏏ	gạ²du⁴si	hill
ced	ᎦᏚ ᎤᎦᎾᏍᏓ	ga³du² u²gạ²na⁴sda	cake
ced	ᎦᏛᎥᏍᎦ	gạ²dv³ɂṿ²sga	he's hanging up a flexible object
ced	ᎦᎦᎹ	ga²³gạ³ma	cucumber
ced	ᎦᎦᏪᏍᏗ	ga²gạ²we²³sdi	paddle, oar
ced	ᎦᎦᏪᏍᎦ	ga²gạ²we²³sga	he's rowing, paddling
ced	ᎦᎨᏓ	ga²ge⁴da	heavy
ced	ᎦᎩ	ga³²gi³	who (used only with echo questions)
ced	ᎦᎪ	ga³go²	who
ced	ᎦᏆᏘᏗ	ga³gwạ²tdi	wheel
ced	ᎦᏆᏲᎯᎭ	ga²gwạ²yo²hị³ha	he's pecking it
ced	ᎦᎭᏘᏗ	ga²hạ²tdi	wedge
ced	ᎦᎵᏗᎭ	gahl²dị³ha	he's putting it into a container
ced	ᎦᎵᏙᏗ	gahl³doh²di	container
ced	ᎦᎵᏉᎩ	gahl²gwo²³gi	seven
ced	ᎦᎵᏉᎩᏁᎢ	gahl²gwo²gi²ne⁴ɂi	seventh
ced	ᎦᏟᏓ	ga³hlị²da	arrow
ced	ᎦᏟᎭ	gạ²hlị³ha	he's sleeping
ced	ᎦᏟᏏᎭ	ga³hli²sị³ha	he's gathering it
ced	ᎦᎵᏣᏗ	gahl²jạɂ²di	bow
ced	ᎦᎵᏦᏕ	gahl²jo²³de	house
ced	ᎦᎵᏦᏛᏙᏗ	gahl²jo³tdoh²di	roofing
ced	ᎦᎵᏦᏛᎢ	gahl²jo²tv⁴ɂi	tent
ced	ᎦᏡᏍᎦ	ga³hlụ²sga	he's piling it up
ced	ᎦᏢᎢᎭ	gạ²hlv³ɂị²ha	he's tying him, it up
ced	ᎦᏢᏍᎦ	gạ²hlṿ³sga	he's putting it in a hole or a container
ced	ᎦᏢᏍᎦ	gạ²hlv²sga	he's sleepy, he's going to sleep
ced	ᎦᏁᎦ	gạ²hne³ga	he's taking a flexible object somewhere by hand
ced	ᎦᏁᎭ	gạ²hnẹ³ha	he's holding a flexible object
ced	ᎦᏂᏙᎭ	gạ²hni²³do³²ha	he's handling a flexible object
ced	ᎦᏯᏢᎢ	ga²hyạɂ³dlv⁴ɂi	collar
ced	ᎦᏯᎱᎶ	ga²hyạ²hu²lo	saddle
ced	ᎦᏰᎠ	ga²hye³ɂa	he's eating a flexible object
ced	ᎦᏰᏍᏗ	ga²hye⁴sdi	something flexible to eat
ced	ᎦᏣᎦᎵᎭ	ga²jạ²gạ²lị³ha	he's ripping it
ced	ᎦᏣᎵᎪᏍᎦ	ga²jạ²lị²go²³sga	he's scratching him, it
ced	ᎦᏣᏄᎵ	ga²jạ²nu⁴li	fast
ced	ᎦᏣᏲᎯᎭ	ga²jạ²yo²hị³ha	1. he's pricking him, it  2. he's giving him an injection
ced	ᎦᏨᏩᏍᏗᎭ	ga³jv²wa³²sdị²ha	he's wringing it out
ced	ᎦᏨᏯᏍᎦ	ga²jvy³sga	he's stinging it
ced	ᎦᎧᎯᏯᎠ	ga²kạ²hi²yạ³ɂa	he's leaving a living thing behind
ced	ᎦᎧᏁᎭ	ga²ka³²nẹ²ha	he's giving him a living thing
ced	ᎦᎪᏗ	ga³koh²di	n. plant (potted plants, young trees, young garden plants)
ced	ᎦᏇᏅᏍᎦ	ga²kwe²nv²sga	he's wrapping him, it
ced	ᎦᎳᏗᎠ	gạ²lạ³dị³ɂa	he's putting a long object in a container
ced	ᎦᎳᏗᏍᏙᏗ	gạ³lạ²di¹sdoh²di	container (for a long object)
ced	ᎦᎳᏅᏛᎢ	gạ²lạ²nv²dv⁴ɂi	street
ced	ᎦᎴᎠ	gạ²le³ɂa	he's taking it (solid or flexible object) out of a container
ced	ᎦᎴᎦ	gạɂ³le¹ga	he's climbing it
ced	ᎦᎴᎩ	gạɂ²le¹gi	blacksnake
ced	ᎦᎴᏂ	gạɂ²le⁴ni	his ear
ced	ᎦᎴᏴᏍᎦ	gạ²le³yv²sga	he's burning
ced	ᎦᎴᏴᏍᎦ	gạ²le²yv²³sga	a long object is falling from an upright position
ced	ᎦᎵᏙᎭ	gạɂ³li²do³ha	he's climbing around
ced	ᎦᎵᎦ	gạ²li³ga	it (forest or grass) is burning
ced	ᎦᎵᎭ	gạ²li²³ha	he's taking a long object out of a container
ced	ᎦᎵᏬᎦ	gạ²li²hwo³ga	it (animal, plant) is dying
ced	ᎦᎵᏦᎯᏓ	gạ²lị²jo³hị²da	fat
ced	ᎦᎵᎥᏂᎭ	gạ²li³ɂv²hnị³ha	he's spanking him
ced	ᎦᎶᎩᎠ	gạ²lo²gi³ɂa	he's hoeing it
ced	ᎦᎶᎪᏗ	gạ²lo²go¹di	hoe
ced	ᎦᎶᏇ	gạ²lo¹gwe	gun
ced	ᎦᎶᎯᏍᏗᎭ	gạ²lo²hị²sdị³ha	he's stopping by (on his way somewhere)
ced	ᎦᎶᎯᏍᏗᎢ	gạ²lo²hị²sdi⁴ɂi	doorway, door
ced	ᎦᎶᎯᏎᎭ	gạ²lo²hị²sẹ³ha	he's over-taking him, it
ced	ᎦᎶᏂ	Gạɂ²lo²hni	August
ced	ᎦᎶᎾᏍᏗᎭ	gạ²lo²na³²sdị²ha	1. He's bluffing him. 2. he's deceiving him 3. he's tricking him
ced	ᎦᎶᏁᎠ	gạ²lo²³nẹ³ɂa	he's oiling it.
ced	ᎦᎶᏅᏗᎭ	gạ²lonh³dị²ha	he's making him fall from an elevated psition
ced	ᎦᎶᏄᎮᎭ	gạ²lo²nu²he²³ha	he's cheating
ced	ᎦᎶᏍᎦ	gạ²lo²sga	1. v.i. he's passing by without stopping 2. v.t. he's passing it (test, exam, etc.)
ced	ᎦᎶᏍᎦ	gạ²lo³²sga	he's falling from an elevated position
ced	ᎦᎷᎦ	gạɂ³luh²ga	he's arriving
ced	ᎦᎷᎶᎦ	gạ²lu²³lo³²ga	1. it's lacking 2. it's missing
ced	ᎦᎷᏯᏍᏗ	gạ²luy¹sdi	axe
ced	ᎦᎷᏯᏍᏗ	gạ²luy¹sdi	bed bug
ced	ᎦᎷᏯᏍᎦ	gạ²luy³²sga	he's chopping it
ced	ᎦᎸᏙᏗ	gạ²lv³doh²di	container for something flexible
ced	ᎦᎸᏂᎭ	gạ²lv³hnị²ha	he's beating him up
ced	ᎦᎸᎳᏗ	gạ²lv²³lạ³di	heaven
ced	ᎦᎸᎳᏗ	gạ²lv³lạ²di	high
ced	ᎦᎸᎳᏗᏜ	gạ²lv²³lạ³di²dla	above
ced	ᎦᎸᎳᏗᎨᎢ	gạ²lv²³lạ³dị²ge⁴ɂi	higher
ced	ᎦᎸᎶᎢ	gạ²lv²lo⁴ɂi	Sky
ced	ᎦᎸᏍᎦ	gạ²lv³sga	he's putting a flexible object in a hole or in a container
ced	ᎦᎾᏕᎦ	gạ²nạ²de³ga	he's selling it
ced	ᎦᎾᏝᎢ	gạ²na¹hlạ³ɂi	livestock
ced	ᎦᎾᏢᏍᎦ	gạ²na³²hlṿ²sga	he's hiring him
ced	ᎦᎾᎵ	ga¹na⁴li	lazy
ced	ᎦᎾᎵ	ga¹nạɂ³li	castrated horse, dog sheep, etc.
ced	ᎦᎾᏩᏘᎭ	gạ²nawh³²tị³ha	he's finding a flexible object.
ced	ᎦᎾᏫᏗᎭ	gạ²na³²wi²dị³ha	he's taking it (animal, flexible object) somewhere.
ced	ᎦᎾᏰᎩ	gạ³nạ²ye¹gi	dangerous
ced	ᎦᏁᎠ	gạ²ne³ɂa	1. he's getting a flexible object  2. he's picking up a flexible object
ced	ᎦᏁᏟᏴᎠ	gạ²ne²³dli³yṿ²ɂa	he's changing it
ced	ᎦᏁᎦ	gạ²ne¹ga	skin
ced	ᎦᏁᎦ	ga²ne³ga	he's taking it (animal, flexible object) somewhere by hand.
ced	ᎦᏁᎦᎵᎭ	gạ²ne³gạ²lị³ha	he's peeling, skinning him, it
ced	ᎦᏁᎩᎠ	gạ²ne²gi³ɂa	1. he's getting some liquid  2. he's picking up some liquid
ced	ᎦᏁᎩᎡᎭ	gạ²ne²gi³ɂe²ha	1. he's taking liquid from him, it  2. he's milking it (when used with unvdi)
ced	ᎦᏁᎫᏗᎠ	gạ²ne²³gu³di²ɂa	he's bewitching him
ced	ᎦᏁᎭ	ga²nẹ³ha	he's holding the long object in his hand
ced	ᎦᏁᎯᏯᎠ	gạ²ne²hi²ya³ɂa	he's leaving some liquid
ced	ᎦᏁᏁᎭ	gạ²ne²hne³ha	he's giving him some liquid
ced	ᎦᏁᏩᏘᎭ	gạ²ne²hwah²tị³ha	he's finding some liquid
ced	ᎦᏁᏫᏗᎭ	gạ²ne²hwi²dị³ha	he's taking some liquid somewhere
ced	ᎦᏁᏥᎢ	gạ²ne²ji⁴ɂi	his chest
ced	ᎦᏁᎳ	gạ²ne²³la	he lives (resides)
ced	ᎦᏁᎵ	gạ²ne⁴li	married person
ced	ᎦᏁᏍᏓᎳᏗᎠ	gạ²ne²³sdạ³lạ²dị²ɂa	it's freezing
ced	ᎦᏁᏐᏯᏍᎦ	gạ²ne²soy³²sga	it's hailing
ced	ᎦᏅᏙᎩ	ganh²doh³gi	saw
ced	ᎦᏅᏙᎬᎢ	ganh²doh³gv⁴ɂi	his tooth
ced	ᎦᏅᎦ	ganh²ga	he's lying down
ced	ᎦᏅᎪᎢ	ganh¹go³ɂi	his tongue
ced	ᎦᏅᏆᎡᎭ	ganh²gwạ³ɂe²ha	he's agitating liquid
ced	ᎦᏅᏤᎦ	ganh²je³ga	he's taking a liquid somewhere by hand
ced	ᎦᏅᏤᎭ	ganh²jẹ³ha	he's holding some liquid
ced	ᎦᏅᏥᏙᎭ	ganh²ji²³do³²ha	he's handling some liquid
ced	ᎦᏅᏔᏂᏙᎯ	ganh²tạ²ni²do⁴hi	salesman
ced	ᎦᏂ	gạɂ³ni	1. bullet  2. lead
ced	ᎦᏂᏓᏛᎢ	gạ²ni³dạɂ²dv⁴i	his tail
ced	ᎦᏂᏙᎭ	ga²ni²³do³²ha	he's handling a long object
ced	ᎦᏂᏆᏘᎭ	gạ²nị²gwa³²tị²ha	he hates him
ced	ᎦᏂᏝᏗᎠ	gạ²ni²hlạ³dị³ɂa	he's setting up a bed
ced	ᎦᏂᏝᏗᏍᏗ	gạ²ni²hlạ²di³²sdi	bedstead
ced	ᎦᏂᏟ	gạ²ni²hli	bed
ced	ᎦᏂᎳᏗᎠ	gạ²ni²³lạ³dị²ɂa	1. he's pleading 2. he's urging
ced	ᎦᏂᏏᎭ	gạɂ³ni²sị³ha	he's burying him
ced	ᎦᏂᏯᎠ	gạɂ³ni²yạ³ɂa	he's leaving it (flexible)
ced	ᎦᏂᏱᎭ	gạɂ³ni²yị³ha	1. he's catching him 2. he's arresting him 3. he's playing catcher
ced	ᎦᏂᏱᏍᎩ	gạɂ²ni²³yi⁴sgi	catcher
ced	ᎦᏃᎭᎵᏙᎭ	gạ²no²hạ²li²³do³²ha	he's hunting
ced	ᎦᏃᎭᎵᏙᎯ	gạ²no²hạ²li²do⁴hi	hunter
ced	ᎦᏃᎯᎵ	gạ²no²hi²³li	he, it's flying
ced	ᎦᏃᎱᎩᎠ	gạ²no²hu²³gị³ɂa	it's flooding
ced	ᎦᏃᏴᏟᏍᏗᎭ	gạ²no²hyv²hlị²sdị³ha	he's causing it to sound
ced	ᎦᏃᏥ	gạ²no¹ji	leather
ced	ᎦᏃᎸᎥᏍᎦ	gạ²no²lv³ɂṿ²sga	it (wind) is blowing
ced	ᎦᏃᏍᎩᎠ	gạ²no²sgi³ɂa	he's stealing it
ced	ᎦᏃᏍᎩᏓ	gạ²no²sgi⁴da	stolen
ced	ᎦᏃᏍᎩᏍᎩ	gạ²no²sgi⁴sgi	thief
ced	ᎦᏃᏴᎦ	gạ²no²³yv³²ga	1. he, it's sinking  2. he, it is being buried
ced	ᎦᎾᏌᏁᎠ	gan²sạ²ne³ɂa	he's pulling him, it
ced	ᎦᏂᏍᏓ	gan²sda	stick
ced	ᎦᎾᏏᏁᎦ	gan²si²³ne³²ga	1. he's dragging him, it 2. he's towing it
ced	ᎦᏄᎪᎦ	gạ²nu²go³ga	he's exiting
ced	ᎦᏄᎪᎬᎢ	gạ²nu²go³gv⁴ɂi	spring
ced	ᎦᏄᎪᎢᏍᏙᏗᎢ	gạ²nu²gọ²ɂị²sdoh³di⁴ɂ	exit
ced	ᎦᏄᎸ	gạ²nu²³lv	grass, weed
ced	ᎦᏄᎸ ᎠᎦᎵᏍᏗ	gạ²nu²³lv a³gal¹sdi	lawn mower
ced	ᎦᏄᏖᏲᎭ	gạ²nu³te²yọ³ha	he's twisting him, it
ced	ᎦᏅᏗᎠ	gạ²nv²³dị³ɂa	he's missing him, it
ced	ᎦᏅᏗᎢ	gạ²nv²di⁴ɂi	his breast
ced	ᎦᏅᎦ	gạ²nv³ga	he's falling from an upright  position
ced	ᎦᏅᎦᎵᎭ	gạ²nv²gạ²lị³ha	he's cleaning him, it
ced	ᎦᏅᏆᎶᎠ	gạ²nv²gwạ²lo³ɂa	he's hammering it
ced	ᎦᏅᏆᎶᏍᏗ	gạ²nv²gwạ²lo⁴sdi	hammer
ced	ᎦᏅᏆᎶᏍᎩᎢ	gạ²nv²gwa²lo¹sgi⁴ɂi	a blacksmith shop
ced	ᎦᏅᎯᏓ	gạ²nv²hi⁴da	long
ced	ᎦᏅᏠᎯᎭ	gạ²nv³hlo²hị³ha	1. he's tying up a leg 2. he's applying a break
ced	ᎦᏅᏠᏍᏗ	gạ²nv¹hlo²³sdi	1. brake (handle, pedal, etc.)  2. brakes (when plural form is used.)
ced	ᎦᏅᏅᎢ	gạ²nv²hnv⁴ɂi	route
ced	ᎦᏅᏥᏙᎭ	gạ²nv³ji²do³ha	he's tossing about
ced	ᎦᏅᏁᎭ	gạ²nv³nẹ²ha	he's giving him a flexible object
ced	ᎦᏅᏃᏩ	gạ²nv²no²wa	pipe
ced	ᎦᏅᏍᎨ	gạ²nv¹sge	leg
ced	ᎦᏅᏍᎨᏂ	gạ²nv¹sge⁴ni	his leg
ced	ᎦᏅᏬᎢ	gạ²nv²wo⁴ɂi	his shoulder
ced	ᎦᏌᏙᏍᎦ	ga²sạ²do³²sga	he's pushing him, it
ced	ᎦᏌᏆᎴᎯᎭ	ga²sạ²gwạ²le²³hị³ha	he's rolling him, it
ced	ᎦᏌᏆᎸᎢ	ga²³sạ³gwạ²lv⁴ɂi	round
ced	ᎦᏌᎴᏂ	ga¹sạ²le²³ni	coat
ced	ᎦᏌᎾᎵ	ga¹sạ²na²li	roof
ced	ᎦᏌᏁᎾᏛᏍᎦ	ga³sạ²ne²³nạ³dṿ²sga	he's attaching it (flexible), behind it
ced	ᎦᏍᎩᎶ	ga²sgị²lo	chair, table
ced	ᎦᏍᎩᎶ ᎠᎵᏍᏓᏴᎲᏍᎦ	ga²sgị²lo al²sdayv¹hv⁴ɂsga	dining table
ced	ᎦᏍᎩᎶ ᏗᎯᎵᎨᏍᎩ	ga²sgị²lo di²hlih²ge⁴sgi	rocking chair
ced	ᎦᏍᎩᎸᎢ	ga²sgị²lv⁴ɂi	on a chair, table
ced	ᎦᏍᏉᎢᎭ	ga³sgwọ²ɂi²ha	it's dripping
ced	ᎦᏐᏆᏘ	ga³soh²gwạ²ti	humpbacked
ced	ᎦᏐᎯᎢ	ga²sọ²hi⁴ɂi	his back
ced	ᎦᏒᏂᎦ	ga²svnh²ga	he's whistling
ced	ᎦᏒᏛᏍᎦ	ga³sv²tṿ³sga	he's piling it up
ced	ᎦᏔ	gạ²ta	it's hanging
ced	ᎦᏘᏗ	gạ²tdi	button
ced	ᎦᏖᏌᏗ	ga²te³sạɂ²di	cooking pan
ced	ᎦᏘᎭ	ga²tị³ha	he's stabbing him, it
ced	ᎦᏘᏲᎢ	ga²³ti³yo⁴ɂi	stompgrounds
ced	ᎦᏙᎦ	ga¹toh²ga	tail
ced	ᎦᏛᏍᎦ	gạ²tṿ³sga	he's hanging it up
ced	ᎦᏪᏟᎭ	gạ²we³hlị²ha	he's joking, he's teasing
ced	ᎦᏪᏐᎸᏍᏗᎭ	gạ²we³so²lv²³sdị³ha	he's resting him
ced	ᎦᏬᎠ	gạ²wo³ɂa	1. he's bathing him 2. he's baptizing him
ced	ᎦᏬᎯᎵᏴᎠ	gạ²wo²³hị³li²yṿ²ɂa	he's replying
ced	ᎦᏬᏅᏗᎭ	gạ²wonh³dị³ha	he's lecturing him
ced	ᎦᏬᏂᏓ	gạ²wo¹ni²³da	gossip
ced	ᎦᏬᏂᎭ	gạ²wo³nị²ha	he's speaking
ced	ᎦᏩᏒᎩ	gaw²sv¹gi	cantaloupe, muskmelon
ced	ᎦᏰᏌᏛᎢ	ga³ye²sạɂdv⁴ɂi	his finger
ced	ᎦᏰᏫᏍᎦ	ga²yew²sga	he's sewing it
ced	ᎦᏰᏫᏍᎩᎢ	ga²yew²sgi⁴ɂi	sewing machine
ced	ᎦᏰᎪᎩ	gayh²go⁴gi	liar
ced	ᎦᏰᎪᎩ	gayh²go¹gi	lie
ced	ᎦᏲᏟ	ga¹yo⁴hli	small quantity
ced	ᎦᏳᎳ	ga³yu²la	already
ced	ᎨᏠᎭ	ge²hlọ³ha	he's feeding him, it
ced	ᎨᏡᎲᏍᎦ	ge²hlụ²hṿ³sga	he, it's howling, screaming, yelling, etc.
ced	ᎨᏯᏔᎯ	ge³hyah²tạ²hi	wild
ced	ᎨᎢ	gẹ²ɂi	downstream
ced	ᎨᏥᎪᎵᏰᏗᎢ	ge²jị²go²li²³ye³²di⁴ɂi	clinic
ced	ᎨᎵᏏᏁᎭ	ge²li²³si³ne²ha	he's leading it by a leash
ced	ᎨᎵᏍᏘᎩ	ge²li⁴stgi	pie
ced	ᎨᏘᎶᏍᏗ	ge²ti²lo⁴sdi	crowbar
ced	ᎨᏛᏍᏗ	ge³tṿ²sdi	post
ced	ᎨᏛᏍᎦ	ge²tṿ³sga	he's setting a post (or other long object) into the ground
ced	ᎩᎦ	gi²³ga	blood
ced	ᎩᎦ ᏕᎧᏴᏍᏉᎢᎭ	gi²³ga de²kạ³yv²³sgwọ³ɂị²ha	he has a nosebleed
ced	ᎩᎦᎨ, ᎩᎨ	gi²³gạ³ge, gi²³ge	red
ced	ᎩᏝ	giɂ²hla	loose hair
ced	ᎩᏟ	gi²hli	dog
ced	ᎩᏟ ᏗᎦᎴᏅᎯᏓ	gi²hli dị²gạɂ²le²³nv³hi²da	hounddog
ced	ᎩᎵᏏ	Gị²li²si	English
ced	ᎩᏄᏘᏗ	gi²nu⁴tdi	quarter, one-fourth
ced	ᎩᏅᏌ	gi²nv²³sa	ourselves (you alone and I) (see Gram III, A)
ced	ᎪᎨᏱ	go²ge⁴yi	spring
ced	ᎪᎩ	go²gi	summer
ced	ᎪᎯᏓ	go²hi⁴da	a long time
ced	ᎪᎯᏁᎦ	go²hi²³ne³²ga	he's leading him by the hand
ced	ᎪᎯᏳᏓᏁᎭ	go²hiyh²da³²nẹ²ha	1. he's agreeing with him 2. he's vouching for him
ced	ᎪᎯᏳᏗ	go²hiyh²di	belief, faith
ced	ᎪᎵᎦ	gohl²ga	he's recognizing him
ced	ᎪᎵᎦ	gohl²ga	he understands it
ced	ᎪᎵᎩ	gohl⁴gi	his acqaintance
ced	ᎪᏢᏅᎢ	go²hlv²hnv⁴ɂi	butter
ced	ᎪᏢᏍᎦ	go²hlṿ³sga	he's getting full
ced	ᎪᏢᏍᎦ	go¹hlv²sga	he's making it
ced	ᎪᎰᏅᏗᎭ	go²honh²dị³ha	he's making it (round, long) fall
ced	ᎪᎰᏍᎦ	go²họ²sga	it's (round, long) falling
ced	ᎪᎱᏍᏗ, ᎪᏍᏗ	go²hu⁴sdi, go⁴sdi	something
ced	ᎪᏪᎵ	go²hwe²li	1. paper 2. letter
ced	ᎪᏪᎵᎠ	go²hwe²³li³ɂa	he's writing it
ced	ᎪᎢ	Gọ²ɂi⁴	Greasy
ced	ᎪᎢ	gọ²ɂi	1. grease 2. oil
ced	ᎪᎢᎭᎢ	gọ²ɂi²ha⁴ɂi	greasy
ced	ᎪᏣᏁᎠ	go³²jạ²ne³ɂa	he's pulling a trigger
ced	ᎪᏣᏁᏍᏗᎢ	go¹jạ²ne¹sdi⁴ɂi	trigger
ced	ᎪᎦᏍᏗ	go⁴ksdi	cigarette
ced	ᎪᎦᏍᎦ	go²ksga	he's smoking it
ced	ᎪᎳ	go⁴la	winter
ced	ᎪᎴᎯ	go²³le²³hi	pneumonia
ced	ᎪᏍᏓᏱ	go²³sda¹yi	sharp
ced	ᎪᏍᏗᏳᎵ	go²sdi¹yu⁴hli	dull
ced	ᎪᏍᏛᏂᎭ	go²sdv³ni²ha	he's batting it
ced	ᎪᏍᏛᏂᏍᏗ	go²sdv³ni¹sdi	bat
ced	ᎪᏎᎭ	go¹sẹ³ha	he's saying to him
ced	ᎪᏘᏍᎦ	go²tị²sga	it's swelling
ced	ᎪᏛᎢ	go²³tv⁴ɂi	fire (for heating)
ced	ᎪᏛᏍᎦ	go²³tṿ³sga	he's building a fire
ced	ᎫᏓᎴᎠ	gu²dạ²le³ɂa	1. he's unhitching him, it 2. he's unhooking it 3. he's unplugging it
ced	ᎫᏓᎸᏍᎦ	gu²dạ²lv³²sga	1. he's hitching him, it up 2. he's hooking it up 3. he's plugging it in
ced	ᎫᎫ	gu¹gu	bottle
ced	ᎫᎫ	gu¹gu	tick
ced	ᎫᎫᎢ	Gu¹gu⁴ɂi	Bartlesville
ced	ᎫᎭᎵᏗ	gu²³hahl²di	handle (for a tool)
ced	ᎫᎭᏢᏍᎦ	gu²hạ²hlṿ³sga	he's putting a handle on a tool
ced	ᎫᏇ	gu²hgwe	quail
ced	ᎫᎯᎶᎠ	gu²hi²lo³ɂa	he's washing it
ced	ᎫᎯᏍᏗᎭ	gu²hi²³sdị³ha	he's accusing him
ced	ᎫᏢᏗ	gu¹hlv³di	lid
ced	ᎫᏢᏍᎦ	gu³hlṿ²sga	1. he's covering it 2. he's putting a lid on it
ced	ᎫᎲᏍᎦ	gu²hṿ³sga	he's putting it in water
ced	ᎫᎴ	gu²le	acorn
ced	ᎫᎴ ᏗᏍᎪᏂᎯ	gu²le di²sgo²³hnị²hi	mourning dove
ced	ᎫᏐᎢ	Gu²so⁴ɂi	Muskogee
ced	ᎫᏖᎠ	gu²te³ɂa	he's picking him, it up
ced	ᎫᏘᎭ	gu²tị³ha	it's snowing
ced	ᎬᎩᏍᏗ	gv²gi¹sdi	watermelon
ced	ᎬᎫᏍᏗᎭ	gv²gu²³sdị³ha	he's sifting it
ced	ᎬᎫᏍᎦ	gv²gu²³sga	it's leaking
ced	ᎬᏗ	gvh⁴di	with, by means of
ced	ᎬᎮ	gv²he	bobcat
ced	ᎬᎿ	gv²hna	he is alive
ced	ᎬᎿᎦᎵᏍᏗ	gṿ³hnạ²gal²sdi	active
ced	ᎬᎿᎨᎢ	gv²³hnạ³ge⁴ɂi	black
ced	ᎬᏂᎭ	gv²hnị³ha	1. he's hitting, striking him, it 2. he's knocking
ced	ᎬᏂᏍᏗᎭ	gv²hnị²sdị³ha	he's cooking it (a specific food)
ced	ᎬᏃᏓ	gv²hno⁴da	alive
ced	ᎬᏅᎢ	gv²hnv⁴ɂi	his life
ced	ᎬᏩᏃᏍᏓ	gv²hwạ²no⁴sda	whole
ced	ᎬᏣᏝᏅᎯ	gv²jạ²hlạ³nv⁴hi	fried
ced	ᎬᏣᏢᏍᎦ	gv²jạ²hlṿ³sga	he's frying it
ced	ᎬᎾ	gv³na	turkey
ced	ᎬᎾᏬᏗᎭ	gv¹nawh²dị³ha	he's melting it
ced	ᎬᎾᏬᏍᎦ	gv²nạ²wo²sga	it's melting
ced	ᎬᏃᏌᏍᏗ	gv²no²sạ³sdi	broom
ced	ᎬᏃᏌᏍᎦ	gv²no²sa³sga	he's sweeping it
ced	ᎬᏂᏍᎦ	gvn²sga	1. it's becoming done (by cooking) 2. it's ripening
ced	ᎬᏍᎦᏢᏍᎦ	gv¹sgạ²hlṿ³sga	he's hiding it
ced	ᎬᏍᎦᎳᏗᎠ	gv²sgạ²lạ³dị³ɂa	he's hiding a long object
ced	ᎬᏍᎦᎸᏍᎦ	gv²sgạ³lṿ³²sga	he's hiding him, it (flexible)
ced	ᎬᏍᏆᎶᎠ	gv²sgwạ²lo³ɂa	he's cracking it
ced	ᎬᏛᏍᎦ	gv²tṿ³sga	he's putting it into a fire
ced	ᎬᏩᏢᏍᎦ	gv³wạ²hlṿ³sga	he's soaking it (flexible object)
ced	ᎬᏩᏚᏫᏓ	gv²wa²tu³hwị²da	all around
ced		-gwu	1. only, just 2. still
ced		h-	second person singular
ced		-ha	partitive
ced	ᎭᏢ	ha²dlv	where
ced	ᎭᏫᏂ	hạ²wi⁴ni	under
ced	ᎭᏫᏂ ᏗᏜ	hạ²wi³ni di³dla	underneath
ced	ᎭᏫᏯ	hạ²wi²ya	meat
ced		-hehno	because
ced		-hno	and
ced	ᎮᏍᏗ, ᏞᏍᏗ	he¹sdi, hle¹sdi	don't
ced		-hi	(see -i)
ced	ᎯᎠ	hị²ɂa	this, these
ced	ᎯᎳ	hị²la⁴	how, what (with nouns of quantity, duration, size, etc.)
ced	ᎯᎳᏴᎢ	hị²la³²yv⁴ɂi	when
ced	ᎯᏍᎩ	hị²sgi	five
ced	Ꮭ	hla, tla	no, not
ced	Ꮭ ᎪᎱᏍᏗ	hlạ³ go²hu⁴sdi	nothing
ced	Ꮭ ᎢᎸᏢ, Ꮭ Ꮲ	hlạ³ ị²lvh³dlv, hlạ³ dlv⁴	nowhere
ced	Ꮭ ᎢᎸᎯᏳ	hlạ³ ị²lv²³hị³yu	never
ced	Ꮭ ᎩᎶ	hlạ³ kị²lo	no one
ced	ᏝᏬᏚ	hlạ²wo¹tu	mud
ced	ᏝᏬᏚᎭᎢ	hlạ²wo¹tu²ha⁴ɂi	muddy (object)
ced	ᏝᏬᏚᎯ	hlạ²wo¹tu⁴hi	1. adj. muddy (ground), 2. adv. In the mud
ced	ᏞᎦ	hle⁴ga	for a while
ced	ᏞᎩ	hle²ki³	soon
ced	ᏞᏍᏗ	hle¹sdi	don't
ced	ᏡᎬᎢ	hlgv⁴ɂi	tree
ced	ᏢᏓᏥ, ᏢᏓᏥ	hlv²dạ²ji, tlv²dạ²ji	lion
ced		-hno	and (see Gram. III, F)
ced	ᎰᏩ	họ²wa	okay
ced	-Ꮂ	-hv	Question marker (see Gram. I, D)
ced	ᏯᏖᎾ	hyah²te²³na	board
ced	ᏯᏙᏟ	hyah²to⁴hli	narrow
ced	ᏰᎦᏟ	hyeh²gạ²hli	quilt
ced	Ꭲ-	i-	repetitive (see Gram. I, A)
ced	-Ꭲ	-i	locative (see Gram. II, B)
ced	-Ꭲ	-i	agent (see Gram.II, B)
ced	-Ꭲ	-i	future tense (Gram. I, D)
ced	-ᎢᏗ	-idi	about to, on the verge of (see Gram. I, D)
ced	ᎢᎦ	i²³ga⁴	quantity (inanimate)
ced	ᎢᎦ	i²ga	day
ced	ᎢᎦᏓ	i²³ga³da	some
ced	ᎢᎦᎷᎦ	i²³gạɂ³luh²ga	he's returning
ced	ᎢᎦᏅᎯᏓ	i²³gạ³nv²hi⁴da	in length
ced	ᎢᎦᏒᏘ	i²³ga³²sv⁴ti	rick (of wood)
ced	ᎢᎦᏘ	i²³gạ²ti	height
ced	ᎢᎪᎯᏓ	i²³go³hi⁴da	length of time
ced	ᎢᎪᎯᏓ	i²³go³hi⁴da	until
ced	ᎢᎬᎾᏕᎾ	i²³gv³nạ²de⁴na	area
ced	ᎢᎬᏌ	ị¹gv²³sa	1. ourselves (you all and I), 2. one another, each other (see Gram. III, A)
ced	ᎢᎬᏱ	ị²gv²³yi	earlier than
ced	ᎢᎬᏱᎢ	ị²gv²yi⁴ɂi	first
ced	ᎢᏤᎢ	ị²je⁴ɂi	green (of fruit or vegetable)
ced	ᎢᏤᎢ	ị²je⁴ɂi	new (inanimate)
ced	ᎢᏤᎢᏳᏍᏗ	ị²jẹ³ɂị²yu⁴sdi	green
ced	ᎢᏧᏕᏘᏴᏓ	ị²ju³de²tị²yv⁴da	years (number of)
ced	ᎢᏧᎳ	i²³ju³la	both
ced	ᎢᏨᏌ	i¹jv²³sa	1. yourselves (you all), 2. one another, each other (see Gram. III, A)
ced	ᎢᎩᏓ	ị³kị²da	size
ced	ᎢᎳᏏᏗ	ị³la¹sih²di	foot (unit of measure)
ced	ᎢᎸᎯᏳᎢ	ị²lv²³hị³yu⁴ɂi	ever
ced	ᎢᎸᏍᎩ	ị²lv⁴sgi	few
ced	ᎢᎾ	i⁴na	far
ced	ᎢᎾᏓ	i²³nạ³da	snake
ced	ᎢᎾᎨᎢ	i²³nạ³ge⁴ɂi	forest, wilderness
ced	ᎢᏅᎯ	i²nv²hi	too far
ced	ᎢᏌ	i²sa	flour
ced	ᎢᏏᏔᏗᏍᏗ	ị³sih²tạ²di¹sdi	inch
ced	ᎢᏯ	i²ya	pumpkin
ced	ᎢᏯᏓᏅᏖᏗ	ị²yạ³danh³teh³di	cent
ced	ᎢᏯᎦᏴᎵ	ị²yạ³gạ²yv⁴li	thousand
ced	ᎢᏯᏔᏬᏍᏔᏅᎢ	ị²yạ³tạ²hwo¹stạ²nv⁴ɂi	minute
ced	ᎢᏳᏓᎵ	ị²yu³da⁴li	1. apart  2. often
ced	ᎢᏳᏟᎶᏓ	ị²yu³hli²lo⁴da	unit of measure (acres, bushels, gallons, hours, miles, yards)
ced	ᎢᏳᎾᏙᏓᏆᏍᏗ	ị²yu³nạ²do²³dạ²gwa¹sdi	weeks
ced	ᎢᏳᏍᏗ	ị²yu⁴sdi	like
ced	ᎢᏳᏩᏂᎸᎢ	ị²yụ³wa²hnị²lv⁴ɂi	o'clock
ced	ᎢᏳᏩᎪᏗ, ᏳᏩᎪᏗ	ị²yụ³wa⁴kdi, yụ³wa⁴kdi	time, times
ced		j-	past tense (see Gram. I, A)
ced		j-	relative (see Gram. I, A)
ced	Ꮳ-	ja-	second person singular (see Gram. I, B)
ced	ᏣᎳᎩ	Jạ²lạ²gi	Cherokee (language)
ced	ᏣᎳᎩ, ᎠᏣᎳᎩ	Jạ²lạ²gi, Ạ²jạ²lạ²gi	Cherokee
ced	ᏣᎳᎫᏪᏘᎢ	Jạ²lạ²gụ³we²ti⁴ɂi	North Carolina
ced	Ꮵ-	ji-	first person singular subject (see Gram. I, D)
ced	ᏥᎩᎵᎵ	jị²gị²ɂlị²li	chickadee
ced	ᏥᎳᎵ	ji²lạ²li	chewing gum
ced	ᏥᏌ	Ji²³sa	Jesus
ced	ᏥᏍᏚ	ji²sdu	rabbit
ced	ᏥᏍᏛᎾ	ji³sdv²na	crayfish
ced	ᏥᏍᏛᎾ ᎠᏓᏨᏯᏍᎩ	ji³sdv²na ạ²da²jvy⁴sgi	scorpion
ced	ᏥᏍᏆ	ji³sgwa	bird
ced	ᏥᏍᏉᏉ	ji²³sgwo³²gwo	robin
ced	ᏥᏔᎦ	jị²ta²³ga	chicken
ced	ᏥᏔᎦ ᎠᏨᏯ	jị²ta²³ga ạ²chv²ya	rooster
ced	ᏥᏳ	ji²³yu	boat, airplane
ced	ᏥᏳ ᏗᏝᏫᏘᏗᏍᎩ	ji²³yu di²hlạ²wi²tdi⁴sgi	pilot
ced	ᏥᏳᎪᏗ	ji²yu⁴kdi	straight (directional)
ced	ᏦᎩ	jo²gi	upstream
ced	ᏦᎢ	jọ²ɂi	three
ced	ᏦᎢᏁᎢ	jọ²ɂi²ne⁴ɂi	third
ced	ᏦᎢᏁ ᎢᎦ	Jọ²ɂi²nẹ⁴ I²ga	Wednesday
ced	ᏦᎳ	jo²la	tobacco
ced	ᏦᎳᏂ	jo²³lạ²ni	window
ced	-Ꮷ	-ju	question marker (see Gram. I, D)
ced	ᏧᏓᎴᏅᏓ	ju²dạ²le²hnv⁴da	different, various
ced	ᏧᏓᏘᎿᎢ	ju²da²³tị²hnạ²ɂi	chairman, president
ced	ᏧᎦᎾᏮᎢ	ju²³ga³nạ²wv⁴ɂi	south
ced	ᏧᎦᎾᏕᎾ	ju²ganh²de²³na	cabbage
ced	ᏧᎦᏃᏥ	ju²gạ²no¹ji	centipede
ced	ᏧᎬᏩᎶᏗ	ju²gv²³wahl²di	price
ced	ᏧᎬᏩᎶᏗ	ju²gv²wahl²di	wealth
ced	ᏧᏟᎢᎸᏍᏔᏅᎢ	ju²³hlị³ɂị²lv³stạ²nv⁴ɂi	in the past, formerly
ced	ᏧᎿᏦᏍᏗ	ju²hnạ²jo⁴sdi	sour
ced	ᏧᎿᏬ	ju²hnạ²wo	his clothes
ced	ᏧᏴᏢᎢ	ju²³hyv³dlv⁴ɂi	north
ced	ᏧᏣᏲᏍᏗ	ju²jạ²yo⁴sdi	barbed, thorny
ced	ᏧᎧᏅᏍᏕᎾ	ju²kạ²nv¹sde²³na	bull
ced	ᏧᎦᏒᏍᏗ	ju²ksv⁴sdi	smoky
ced	ᏧᎦᏒᏍᏗ	ju²ksv²³sdi	smoke
ced	ᏧᎦᏔᏥᏍᏓᏟ	ju²ktạ²ji³sdạ²hli	copperhead
ced	ᏧᎦᏙᏴᎢᏍᏗ	ju²kto²³yv³ɂị²sdi	blinding (brightness)
ced	ᏧᎳᏍᎩ	ju²la¹sgi	alligator
ced	ᏧᎳᏍᎩ	ju²la¹sgi	1. cast iron,  2. a sort of cast iron pot
ced	ᏧᎵᏨᏯᏍᏗ	ju²lị²chv²³ya¹sdi	brave
ced	ᏧᎵᎡᎾ	ju²lị²ɂe⁴na	deaf
ced	ᏧᎵᏍᏓᎾᎵ	ju²li¹sdạ²na²li	catfish
ced	ᏧᎶᎸᏗ	ju²lohl⁴di	striped
ced	ᏧᎵᏏᏅᏓ	jul²sị²hnv⁴da	nightly
ced	ᏧᎸᏫᏍᏓᏁᎯ	ju²lv²³hwị³sda¹ne⁴hi	worker
ced	ᏧᎾᏓᏍᏚᏗᎢ, ᏗᏓᏍᏚᏗᎢ	ju²nạ²da²sdu¹di⁴ɂi, di²da²sdu¹di⁴ɂi	jail
ced	ᏧᎾᏕᏠᏆᏍᏗᎢ	ju²nạ²de²hloh²gwa¹sdi⁴ɂi	school
ced	ᏧᎾᎵᏍᏓᏴᏗᎢ	ju¹nal¹sdayh¹di⁴ɂi	restaurant, cafe
ced	ᏧᏅᎩᎶᏍᏗ	Junh²gi²lo⁴sdi	Friday
ced	ᏧᏂᏢᎩᎢ	ju²ni²dlv¹gi⁴ɂi	hospital
ced	ᏧᏂᏒᏍᏗᎢ	ju²ni²sv²sdi⁴ɂi	hotel, motel
ced	ᏧᏒᎯᏓ	ju²sv²³hị²da	days
ced	ᏧᏪᏅᏒᎢ	jụ²we³nv¹sv⁴ɂi	his home
ced	-Ꮸ, -ᏨᎢ	-jv, -jvɂi	adj .suf. extremely, exceptionally (see Gram. III, B)
ced	ᏨᏌ	jv²³sa	yourself (see Gram. III, B)
ced	ᏨᏍᎩᏃ	jv²sgi²no	hell
ced	ᎧᎦᎵ	Ka²gạɂ²li	February
ced	ᎧᏫ	ka²³hwi	coffee
ced	ᎧᎵᎢ	kạ²li⁴ɂi	full
ced	ᎧᎶᏇᎩᏗ	kạ²lo¹gwe²³kdi	locust tree
ced	ᎧᎶᏇᎩᏗᎢ	Kạ²lo¹gwe²³kdi⁴ɂi	Locust Grove
ced	ᎧᎵᏎᏥ	kal²se²³ji	1. sugar  2. candy
ced	ᎧᎸᎢ	kạɂ²lv⁴ɂi	month
ced	ᎧᎹᎹ	kạ²ma²ma	butterfly
ced	ᎧᎹᎹ	kạ²ma²ma	elephant
ced	ᎧᎾᏥᏍᏕᏥ	kạ²nạ²ji¹sde²³ji	wasp
ced	ᎧᎾᎷᏍᎦ	kạ²nạ²lu²sga	he's ascending an incline
ced	ᎧᎾᎷᏍᎬᎢ	kạ²nạ²lu²sgv⁴ɂi	uphill
ced	ᎧᎾᎸᎢᏍᏗ	kạ²na²³lṿ³ɂị²sdi	anger
ced	ᎧᎾᎸᏍᏗᎭ	kạ²na²³lv³sdị²ha	he's making him angry
ced	ᎧᎾᏁᏍᎩ	kạ²nạɂ²ne²³sgi	spider
ced	ᎧᎾᏌᏛᎢ	kạ²na³²sạɂ²dv⁴ɂi	his toe
ced	ᎧᎾᏍᏕᏟᎭ	kạ²na³²sde²dlị³ha	he's rooting it out
ced	ᎧᎾᏍᏕᏢᏗ	kạ²na¹sdehl²³di	pick
ced	ᎧᎾᏬᎦ	kạ²nạ²wo³²ga	he's cold
ced	ᎧᏁᎦ	kạ²ne³ga	1. he's speaking  2. he's answering
ced	ᎧᏁᏆᏗᎭ	kạ²ne³gwạ²dị³ha	he's prying it
ced	ᎧᏁᏉᎠ	kạ²neh²gwo³ɂa	he's accumulating it, he's increasing it
ced	ᎧᏁᏉᎦ	kạ²neh²gwo³ga	it's accumulating, it's increasing
ced	ᎧᏁᎢᏍᏗᎭ	kạ²ne³ɂị²sdị³ha	he's mentioning it
ced	ᎧᏁᏌᏝ	kạ²ne³sạ²hla	it's contaminated (by visible foreign matter)
ced	ᎧᏁᏌᏢᏍᎦ	kạ²ne³sạ²hlṿ³sga	he's contaminating it (with visible foreign matter)
ced	ᎧᏁᏌᎢ	kạ²ne¹sạ³ɂi	box
ced	ᎧᏁᏍᏓᏝᎲᎢ	kạ²ne²³sda³²hlạ²hv⁴ɂi	nest
ced	ᎧᏁᏍᎦ	kạ²ne¹sga	hay
ced	ᎧᏂᎨᏂ	kạ²nị²ge⁴ni	his knee
ced	ᎧᏂᏢᏍᎦ	kạ²nị²hlṿ³sga	he's collecting from him
ced	ᎧᏂᏈᏌ	kạ²nị²kwsa	rat
ced	ᎧᏃᎨ	kạ²no²ge	1. arm, 2. wing.
ced	ᎧᏃᎨᏂ	kạ²no²ge⁴ni	1. his arm, 2. its wing
ced	ᎧᏃᎮᏓ	kạ²no²he²³da	1. news, 2. gospel
ced	ᎧᏃᎮᎭ	kạ²no²hẹ³ha	he's telling it
ced	ᎧᏃᎯᏯᎭ	kạ²no²³hi³yạ²ɂha	he's omitting him, it
ced	ᎧᏃᎯᏰᎩ	Kạ²no²³hi³ye⁴gi	Passover supper
ced	ᎧᏃᏰᎭ	kạ²no³yẹ²ha	he's fanning him, it
ced	ᎧᎾᏍᏓᏥ	kan²sdạ²ji	sassafras
ced	ᎧᏄᎦᏟ	kạ²nu¹gạ²hli	blackberries
ced	ᎧᏄᎾ	kạ²nu²na	bullfrog
ced	ᎧᏄᏲᎳᏗᎠ	kạ²nu³yo²lạ³dị³ɂa	it's misting
ced	ᎧᏅᏐᎸᏍᏗᎭ	kạ²nv³so²lv²³sdị³ha	he's straining it
ced	ᎧᏅᏑᎸᎢ	kạ²nv³su²lv⁴ɂi	room
ced	ᎧᏅᏫᎠ	kạ²nv²³wị³ɂa	1. he's curing, doctoring him, 2. he's soldering, welding it
ced	ᎧᏬᏂ	Kạ²wo²hni	April
ced	ᎧᏬᎳᏕᎠ	ka²wo²lạ²de³ɂa	he's breathing
ced	ᎧᏬᏄ	kạ²wo²³nu	duck
ced	ᎧᏴᏐᎵ	kạ²yv²so⁴li	his nose
ced	ᎬᏕᎦ	kde³ga	he's parting with him (in death)
ced	ᎬᏗᎭ	kdị³ha	he's using it
ced	ᎬᏜᏗᎭ	kdlạ²dị³ɂha	he's putting out a fire, a light
ced	ᎬᏟᎭ	kdlị³ha	he's sharpening it
ced	ᎬᏠᏍᎦ	kdlo²sga	it (fire, light) is going out
ced	ᎬᏛᎥᏍᎦ	kdv³ɂṿ²sga	He's putting it (flexible object) into a fire
ced		-ke	or (see Gram. I D)
ced	ᎨᎳᏗᏙᎭ	kẹ²lạ³di³do¹ha	He's mingling with a group
ced	ᎨᎵ	ke⁴li	member
ced	ᎨᎻᎵ	ke²³mị³li	camel
ced	ᎩᏢᏍᎦ	kị²hlṿ³sga	he's linking it
ced	ᎩᎳ	kị²la	later
ced	ᎩᎳ	kị²la⁴	1. early in, 2. not long ago
ced	ᎩᎳᏊ	kị²lạ³gwu	pretty soon
ced	ᎩᎳᏊ ᎢᏴᏓ	kị²lạ³gwu ị²yv⁴da	immediately
ced	ᎩᎶ	kị²lo⁴	someone
ced	ᎩᏳᎦ	kị²yu³²ga	chipmunk
ced	ᎬᏣᎬᎥᏍᎦ	kjạ²gṿ³ɂṿ²sga	he's shaking a flexible object
ced	ᎪᏕᏍᎩ, ᎠᎪᏕᏍᎩ	Ko²de⁴sgi, Ạ²ko²de⁴sgi	Spade
ced	ᎪᎦ	ko³ga	crow
ced	ᎪᎯ	ko¹hi⁴	a while ago
ced	ᎪᎯᏴᎢ	ko¹hi³²yv⁴ɂi	later, after a while
ced	ᎪᎳ	ko²³la	bone
ced	ᎪᏍᏚ	ko¹sdu	1. ashes, 2. dust
ced	ᎪᏍᏚᎭᎢ	ko¹sdu²ha⁴ɂi	dusty
ced	ᎬᏙᎠ	kto³ɂa	it (long object) is hanging
ced	ᎬᏙᏌᏗᎠ	kto³sạ²dị³ɂa	he's hanging up a long object
ced	ᎫᏩ	kụ²wa	mulberries
ced	ᎫᏩᏧᏁᎦ	kụ²wạ³ju³ne²ga	sycamore
ced	ᎫᏩᏯ	kụ²wa²ya	huckleberries
ced	ᎫᏩᏲᎢ	Kụ²wa²yo⁴ɂi	Pryor
ced	ᎫᏰᏉᎾ	Kụ²ye²gwo²³na	July
ced	ᎬᏟ	kv²³hli	raccoon
ced	ᎬᏂᎨᏒᎢ	kv²hnị³ge¹sv⁴ɂi	in view
ced	ᏆᎾ	kwạ²na	peach
ced	ᏆᎾᏓᏲᎭ	kwan²dạ³yo²³ha	cobra
ced	ᏆᏄᎾᏍᏗᎢ	kwạ²nun³sdị²ɂi	plum
ced	ᎶᎶ	lo²lo	locust, (cicada)
ced		n-	1. lateral position, 2. already, 3. reference to previously noted action (see Gram. I, A)
ced		-n-	plural (see Gram. I, B)
ced	Ꮎ	na	here
ced	Ꮎ	na	that, those
ced		-na	and what about ____? (see Gram. II, B)
ced	ᎾᎯᏳᎢ	na¹hị²yu⁴ɂi	then
ced	ᎾᏂᎠ	na¹ni³ɂa	there are, (a number of three or more must be specified)
ced	ᎾᎥ	nạ²ɂv	near, close
ced		-nei	
ced	ᏁᏩᏓ	ne²³wạ²da	hominy
ced	Ꮒ	ni	look!
ced		ni-	see n-
ced	ᏂᎦᏓ	nị²ga⁴da	all
ced	ᏂᎦᏪᎠ	nị²gạ²wẹ²ɂa	1. he's saying it  2. it's barking, meowing, whinnying, cooing, etc.
ced	ᏂᎪᎯᎸᎢ, ᏂᎪᎸ	nị²go²³hi³lv⁴ɂi, nị²go²³lv	always
ced	ᏂᎬᏅᏕᎠ	nị²gvnh³de³ɂa	he's taking it off
ced	ᏂᎬᏅᏗᎭ	nị²gvnh³dị³ha	he's putting it on
ced	ᏂᎯ	nị²hi	you
ced	ᏂᎬᎢ	nị²kv⁴ɂi	all over, everywhere
ced	ᏃᏊ	no²³gwu	now
ced	ᏃᏊᎴ	no²³gwụ³le	and then
ced	ᏃᏥ	noh²ji	pine
ced	ᏃᏈᏏ	nọ²kwsi	star
ced	ᏃᏯ, ᏃᏱ	no²ya, no²yi	sand
ced	ᏄᏓᎴᎢ	nu²³dạ³le⁴ɂi	different
ced	ᏄᏓᏅᏛᎾ	nu²danh³tv⁴na	insane, without a mind
ced	ᏄᏟᏍᏛᎢ	nu¹hli²³sdv⁴ɂi	as quickly as possible
ced	ᏄᎳ	nu⁴la	hurry
ced	ᏄᎳ	nu²³la	come here
ced	ᏄᎾ	nu²³na	potato
ced	ᏄᏩᏅᏗ	nu¹wanh³di	He has something on (objects)
ced	ᏄᏯᎩ	Nu²³ya³gi	New York
ced	ᏅᏓ	nv²da	sun, moon
ced	ᏅᏓᏕᏆ	Nv²dạ²de²³gwa	November
ced	ᏅᏓ ᏗᏎᏍᏗ	nv²da di²sẹ³sdi	calendar
ced	ᏅᏓᎩ	nv²³da³gi	Texas
ced	ᏅᏙᎯ	nv²do⁴hi	on the moon, sun
ced	ᏅᎩ	nvh²gi	four
ced	ᏅᎩᏁᎢ	nvh²gi²ne⁴ɂi	fourth
ced	ᏅᎩᏁ ᎢᎦ	Nvh²gi²ne⁴ Iɂ²ga	Thursday
ced	ᏅᏃᎯ	nv²no²³hi	road
ced	ᏅᏩᏙᎯᏯᏓ	nvwh²to²hi²yạ²da	peace
ced	ᏅᏬᏘ	nv²wo³²ti	medicine
ced	ᏅᏬᏘ ᎠᏓᎯᎯ	nv²wo³²ti ạ²da³hị²hi	poison liquid medicine, (not to be swallowed)
ced	ᏅᏯ	nv¹ya	rock
ced	ᏅᏯ ᎠᏛᏓᏅᎢ	nv¹ya ạ²tv²da¹nv⁴ɂi	brick
ced	ᏅᏲᎯ	nv¹yo⁴hi	rocky
ced		o-	exclusive (see Gram. I, B)
ced		-o-	repeatedly (see Gram I, C)
ced	ᎣᏓᎸᎢ	o¹dạ²lv⁴ɂi	mountain
ced	ᎣᎦᎳᎰᎹ	O²gạ²la²ho²³ma	Oklahoma
ced	ᎣᎦᎾ	o²gạ²na	groundhog
ced	ᎣᎩᏅᏌ	o²gị²nv²³sa	1. ourselves (he and I), 2. one another, each other (see Gram. III, A)
ced	ᎣᎬᏌ	o²gv²³sa	1. ourselves, (they and I), 2. one another, each other (see Gram. III, A)
ced	ᎣᏝ	o²hla	soap
ced		-ohn-	completive (see Gram. I, C)
ced	ᎣᏂ	o²hni	after
ced	ᎣᏂ ᏗᏜ	o²hni di³dla	behind, towards the back.
ced		-oi	habitual (see Gram. I, D.)
ced		-oi	past perfect (see Gram. I D)
ced	ᎣᏍᏓ	o⁴sda	1. adj. good., 2. adv. Well
ced	ᎣᏍᏓ ᎧᏃᎮᏓ	o⁴sda kạ²no²he²³da	gospel (good news)
ced	ᎣᏏ	o²si³	fairly well
ced	ᎣᏏ	o³si	stove
ced	ᎣᏏ ᎠᏓᏍᏓᏴᏗᎢ	o³si ạ²da²sdayh¹di⁴ɂi	cook stove, range
ced	ᎣᏏ ᎠᎦᎾᏬᎯᏍᏗ	o³si ạ²ga²nạ²wo²hị²sdi⁴ɂ	heating stove
ced	ᎣᏏᏊ	o²si²³gwu	all right, just fine
ced	ᎣᏏᏲ	o²sị³yo	hello
ced	ᎣᏩᏌ	ọ²wa²³sa	oneself (see Gram. III, A)
ced	ᏌᏛᏗ	sạ²dv³di	trap
ced	ᏌᏊ	sa¹gwu⁴	one
ced	ᏌᎪᏂᎨᎢ	sạ²ko²³nị³ge⁴ɂi	blue
ced	ᏌᎵ	sạ²li	persimmon
ced	ᏌᎵᎫᎩ	sạ²lị³gu³gi	snapping turtle
ced	ᏌᎶᎵ	sạ²lo²³li	squirrel
ced	ᏌᏌ	sa²sa	goose
ced	ᏍᏓᏯ, ᏍᏓᏱ	sda⁴ya, sda⁴yi	hard, difficult
ced	ᏍᏕᏱᏓ	sde²yị³da	rope
ced	ᏍᏗ	-sdi	instrumental (see Gram. I, D)
ced	ᏍᏗᎩᏓ	sdi²³kị²da	a little
ced	ᏍᏚᏗ	sdu¹di	door, gate
ced	ᏍᏚᎢᏍᏗ	sdụ²ɂi³sdi	key
ced	ᏍᏛᏌ	sdv²³sa	1. yourselves (you two) 2. one another, each other (see Gram. III, A)
ced	ᏎᏓᏂ	Se²³dạ³ni	Satan
ced	ᏎᏗ	se²³di	walnut
ced	ᏎᎳᏉᏯ	se²³lạ³gwo²ya	green snake
ced	ᏎᎷ	se²³lu	corn
ced	ᏎᎷ ᎠᎾᏔᏍᎩᏍᎩ	se²³lu anh²tạ²sgi¹sgi	popcorn
ced	ᏎᎷ ᎢᏌ	se²³lu i²sa	corn meal
ced	ᏎᎷ ᎤᏓ	se²³lu u²da	corncob
ced	ᏍᎩᏛ, ᎥᏍᎩᏛ	sgị³dv⁴, v¹sgị³dv⁴	yes, that's it
ced	ᏍᎪᎯ	sgo²³hi	ten
ced	ᏍᎪᎯᏁᎢ	sgo²hi²ne⁴ɂi	tenth
ced	ᏍᎪᎯᏥᏆ	sgo²³hị³tsgwa	one hundred
ced	ᏍᏆᏞᏍᏗ, ᏍᏆᏞᏍᏗ	sgwa¹hle⁴sdi, sgwa¹tle⁴sdi	ball
ced	ᏍᏆᏂᏤᏍᏛᎢ	Sgwa²³nị³je¹sdv⁴ɂi	New Mexico
ced	ᏍᏇᏅᎢ	sgwe²hnv⁴ɂi	fist
ced	ᏍᏊ, ᎥᏍᏊ	sgwu³, v¹sgwu³	also
ced	Ꮟ	-si	or else (see Gram. I, D)
ced	Ꮟ	si	wait
ced	Ꮟ	si	yet, still
ced	ᏏᎦ	si⁴ga	one day
ced	ᏏᎩᎩ	sị²gị²gi	katydid
ced	ᏏᏊ	si²³gwu	again, more
ced	ᏏᏆ	sih²gwa	pig
ced	ᏏᏅ	si²³hnv	than
ced	ᏏᏅᏓ	si²nv⁴da	one month
ced	ᏏᏏ	-sisi	duplicative (see Gram. I, C)
ced	ᏍᎪᏂ	skọ²ni	opposite side (of a body of water)
ced	ᏍᎪᏂᏱ	skọ²ni²³yi	overseas
ced	ᏐᏈᎵ	so²³gwị³li	horse
ced	ᏐᏈᎵ ᏗᎦᎴᏅᎯᏓ	so²³gwị³li dị²gạɂ²le²³nv³hi²da	donkey, mule
ced	ᏐᎯ	sọ²hi	hickory nut
ced	ᏐᏁᎳ	sọ³hne²³la	nine
ced	ᏐᏁᎵᏁᎢ	sọ³hne²li²ne⁴ɂi	ninth
ced	ᏐᎢ	sọ³ɂi	1. another 2. an additional one (singular form)
ced	ᏐᎢᏱ	sọ²ɂi²³yi	in the next room
ced	ᏑᏓᎴᎩ	su²dạ²le⁴gi	one topic, one matter
ced	ᏑᏓᎵ	su²³dạ³li	six
ced	ᏑᏓᎵᏁᎢ	su²dạ²li²ne⁴ɂi	sixth
ced	ᏑᏕᏘᏴᏓ	su²de²tị²yv⁴da	period of one year
ced	ᏑᎨᏓ	su¹ge²³da	dough
ced	ᏑᏗ	suh³di	fishhook
ced	ᏑᏟᎶᏓ	su²hli²lo⁴da	a unit of measure (one acre, one bushel, one gallon, one hour, one mile, one yard)
ced	ᏑᎵ	su²li	buzzard
ced	ᏑᎾᎴᎢ, ᏏᎾᎴᎢ	sụ²na³le⁴ɂi, sị²na³le¹ɂi	tomorrow
ced	ᏑᎾᎴᎢ ᏗᏜ	sụ²na³le⁴ɂi di³dla	toward morning (a.m.)
ced	ᏑᎾᎴᎢ ᏒᎯᏰᏰ	sụ²na³le⁴ɂi sv²hị²ye⁴ye	tomorrow evening
ced	ᏑᏒᎯᏓ	su²sv²³hị²da	overnight
ced	ᏒᏙᏂ	sv²do²ni	1. barrel 2. tub
ced	ᏒᎩ	sv¹gi	onion
ced	ᏒᎯ	sv²hi	yesterday
ced	ᏒᎯ ᏑᎾᎴᎢ	sv²hi sụ²na³le⁴ɂi	yesterday morning
ced	ᏒᎯ ᏒᎯᏰᏱ	sv²hi sv²hị²ye⁴yi	yesterday evening
ced	ᏒᎯ ᎤᏒᎢ	sv²hi ụ²sv¹ɂi	night before last
ced	ᏒᎯᏰᏱ	sv²hị²ye⁴yi	in the evening
ced	ᏒᎦᏔ	sv²³kta	apple
ced	ᏒᎾᏙᏓᏆᏍᏗ	sv²nạ²do²³dạ²gwa¹sdi	one week
ced	ᏒᏃᏱ	sv²no²³yi	at midnight
ced	ᏔᎵ	tạɂ³li	two
ced	ᏔᎵᏁᎢ	tạɂ²li²ne⁴ɂi	second
ced	ᏔᎵᏁ ᎢᎦ	Tạɂ²li²ne⁴ I²ga	Tuesday
ced	ᏔᎷᎩᏍᎩ	tạ²lu²gi¹sgi	1. can  2. metal  3. steel  4. tin
ced	ᏔᎷᎩᏍᎩ ᏗᎧᏅᏫᏍᎩ	tạ²lu²gi¹sgi dị²ka²nv²wi⁴sgi	welder
ced	ᏔᎷᎩᏍᎩ ᏗᎧᏅᏬᏙᏗ	tạ²lu²gi¹sgi dị²kạ²nv²³wo¹doh²di	1. solder  2. welding rod
ced	ᏔᎷᏣ	tạ²lu²³ja	basket
ced	ᏔᎹᏟ	tạ²ma²hli	tomato
ced	ᏔᏬᏗ	tạ²wo²³di	hawk
ced	ᏖᎦ	teh²ga	toad
ced	ᏘᎾ	tị²na	louse
ced	ᏘᏲᎭᎵ	tị²yo²³hạɂ³li	lizard
ced	ᏢᏕᏆ	tlv²³de³gwa	eel
ced	ᏙᎯ	to¹hi⁴	well (health)
ced	ᏙᎯᏊ	to¹hi⁴gwu	just fine
ced	ᏙᎢ	to⁴ɂi	motionless
ced	ᏙᏧᏩ	to¹ju²³hwa	redbird
ced	ᏙᎳᏥᎦ	to²³lạ³tsga	grasshopper
ced	ᏥᎩᎵ	tsgị²li	ghost
ced	ᏥᎪᏯ	tsgo²³ya	bug
ced	ᏥᏆᎴᏆᎳ	tsgwạ²le³gwạ²la	whippoorwill
ced	ᏥᏈᏍᏗ	tsgwi⁴sdi	a lot, many
ced	ᏚᎴᏥ	tu²le²³ji	tonsils
ced	ᏚᏍᏗ	tụ²sdi	boil (sore)
ced	ᏚᏯ	tu²³ya	beans
ced	ᏛᎦ	tvh²ga	housefly
ced	Ꭴ	u-	third person subject (see Gram. I, B)
ced	ᎤᏓᏙᎵᏍᏗ	u¹da²do²³li³²sdi	he's praying
ced	ᎤᏓᎨᏳᎭ	u¹da²ge²yu³ha	he loves
ced	ᎤᏓᏂᎳᎨᎢ	u²da²hni²³la³ge³ɂi	ordained minister
ced	ᎤᏓᏂᎳᎨᎢ	u²da²hni²³lạ³ge³ɂi	oldest member of family
ced	ᎤᏓᏣᏘᏗ	u²da²³jạ²tdi	reckless
ced	ᎤᏓᎴᎯ	u²dạ²lẹ²ɂhi	bad omen
ced	ᎤᏓᎵᎢ	u²dạ²lị²ɂi	his wife
ced	ᎤᏓᎸᏉᏗ	u²da²lv⁴kwdi	snobbish
ced	ᎤᏓᎾᏂ	u²da²³nạɂ²ni	store owner
ced	ᎤᏓᏁᎪᏳᎭ	u¹dạ²ne³go²yu³ha	it's wrinkled
ced	ᎤᏓᏁᎲᎢ	u¹dạ²ne²hv⁴ɂi	puddle
ced	ᎤᏓᏅᏙ	u²danh²do	his heart
ced	ᎤᏓᏅᏔ	u¹danh²ta	he feels
ced	ᎤᏓᏅᏘ	u²danh⁴ti	1. friendly 2. gentle 3. pleasant
ced	ᎤᏓᏅᏘᏌᏅᎢ	u²danh²ti²sạ²hnv⁴ɂi	tamed
ced	ᎤᏓᏅᎦᎸᏓ	u²dạ²nv²gạ²lv⁴da	clean
ced	ᎤᏓᏅᎯᏓ	u²dạ²nv²hi⁴da	a long distance
ced	ᎤᏓᏅᏅᎢ	u¹dạ²nv²hnv⁴ɂi	row
ced	ᎤᏓᏍᏛᏗᏍᏗ	u²da²sdv²³di³²sdi	punishment
ced	ᎤᏓᏩᏗᏍᎬᎢ	u¹da²³wạ³di³²sgv⁴i	in the shade
ced	ᎤᏓᏴᎳᏔ	u¹dạ²yv²la³ta	it's in view
ced	ᎤᏕᎦ	u¹de³ga	1. he's throwing it 2. he's pitching (ball)
ced	ᎤᏕᎩ	u²de⁴gi	pitcher (ball)
ced	ᎤᏕᎰᎯᏍᏗ	u²de²ho²³hi²sdi	embarrassment
ced	ᎤᏕᎰᏌᏘ	u²dẹ²ho²³sạ²ti	bashful
ced	ᎤᏕᎵᏍᎦᎸᎲᎢ	u¹de²li²³sga³lv²hv⁴ɂi	ditch
ced	ᎤᏕᏘᏱᎭ	u¹de²tị²yị³ha	he's having a birthday
ced	ᎤᏗᏆᎸᏕᏱᏓ	u²di¹gwạ²lv²de³yị²da	bolt, screw
ced	ᎤᏗᏞᎦ	u¹di²hleh³ga	it's hot
ced	ᎤᏗᏞᎲᏍᎦ	u¹di²hlẹ³hṿ³sga	he has a fever
ced	ᎤᏗᏍᎦᏝ	u¹di²sgạ³hla	he's in hiding
ced	ᎤᏗᏫᏍᎦ	u¹diw³²sga	he's getting well
ced	ᎤᏗᏴᏓᏛᎢ	u¹di³yv²dạɂ³dv⁴ɂi	his navel
ced	ᎤᏜᏅᏓ	u¹dlạ²nv²da	there's an opening
ced	ᎤᏜᏅᏓᏕᎭ	u¹dlạ²nv²dạɂdẹ²ha	he has time
ced	ᎤᏜᏏᏛᎡᎭ	u¹dla³²si²tv³ɂe²ha	he's disbelieving
ced	ᎤᏜᏏᏛᎡᎯ	u²dla¹si²³tṿ³ɂe⁴hi	nonbeliever
ced	ᎤᏞᎦ	u¹dle³ga	he's taking revenge
ced	ᎤᏟ	ụ²dli	away from
ced	ᎤᏟᎠᏓ	u¹dli³ɂạ²da	he's wearing an earring
ced	ᎤᏠᎾᏍᏗ	u²dlo²³na¹sdi	hypocrite
ced	ᎤᏠᏏᏅᏓ	u²dlo¹si²nv²³da	dewberries
ced	ᎤᏢᏓᎸᏓ	u²dlv²dạ²lv⁴da	splinter
ced	ᎤᏢᎦ	u¹dlv³ga	he's sick
ced	ᎤᏢᎩ	u²dlv⁴gi	patient, sick person
ced	ᎤᏢᏈᏗ	u²dlv⁴kwdi	sophisticated
ced	ᎤᏙ	u²do	1. his sister  2. her brother
ced	ᎤᏙᏓ	u²do²da	his father
ced	ᎤᏙᏓᏆᏓ	u²do²³dạ²gwạ²da	all day
ced	ᎤᏙᏓᏆᏍᎬᎢ,ᎤᎾᏙᏓᏆᏍᎬᎢ	U¹do²³dạ³gwa¹sgv⁴ɂi,U¹nạ²do²³dạ³gwa¹sgv⁴ɂi	Sunday
ced	ᎤᏙᏓᏈᏕᎾ,ᎤᎾᏙᏓᏈᏕᎾ	U²do²³dạ³gwi²de⁴na, U¹(nạ²)do²³dạ³gwi²de⁴na	Saturday
ced	ᎤᏙᏓᏈᏗᏒᎢ	u¹do²³dạ³gwi²di³sv⁴ɂi	during the day
ced	ᎤᏙᏓᏉᏅᎢ, ᎤᎾᏙᏓᏉᏅᎢ	U²do²³dạ³gwọ²hnv⁴ɂi, U²nạ²do²³dạ³gwọ²hnv⁴ɂi	Monday
ced	ᎤᏙᎯᏳ	u²do²hị²yu⁴	really, very
ced	ᎤᏚᏚ	u²du¹du	his grandfather (maternal)
ced	ᎤᏚᎭ	u¹dụ³ha	he's standing in liquid
ced	ᎤᏚᏥ	u²du²ji	his uncle
ced	ᎤᏚᎵᎭ	u¹du²lị³ha	he wants it
ced	ᎤᏛᏅᎢᏍᏗ	u¹dv²nv³ɂi²sdi	he's willing
ced	ᎤᎦᎶᎦ	u²gạ²lo²³ga	leaf
ced	ᎤᎦᎹ	u²³gạ³ma	soup
ced	ᎤᎦᎾᏍᏓ	u²gạ²na⁴sda	sweet
ced	ᎤᎦᎾᏩ	u²ga²³nạ²wa	warm
ced	ᎤᎦᎾᏩ	U²ga²³nạ²wa	Democrat
ced	ᎤᎦᎾᏬᏍᎦ	U¹ga²nạ²wo²sga	1. he's becoming warm  2. he's warming himself
ced	ᎤᎦᏅᏓᏛᎢ	u¹ganh²dạɂ³dv⁴ɂi	page
ced	ᎤᎨᏳᎭ	u¹ge²yụ³ha	1. he's possessive of her, it  2. he loves her
ced	ᎤᎨᏳᎿᎢ	u²ge²yu²³hnạ²ɂi	possessive stingy person
ced	ᎤᎩᏓᏟ	u²gi¹dạ³hli	feather
ced	ᎤᎩᏨᏓ ᎢᏴᎢ	U²gị²jv⁴da ị²yv⁴ɂi	next morning
ced	ᎤᎩᏥᏕᏱ	u²gị²tsde⁴yi	dawn
ced	ᎤᎪᏗ	u¹go³²di	more
ced	ᎤᎪᏗ	u²³go¹di	much, a lot of
ced	ᎤᎪᏂᏲᎦ	u¹go²hni²³yo³²ga	he's late
ced	ᎤᎪᏍᎦ	u¹go²sga	1. it's decaying  2. it's spoiling
ced	ᎤᎪᏏᏓ	u²go²³sị²da	rotten
ced	ᎤᎫᎫ	u²gu¹ku	hoot owl
ced	ᎤᎬᎭᏟ	u²gv²³hạ²hli	part
ced	ᎤᎬᏫᏳᎭ	u¹gv²wị²yụ³ha	instead
ced	ᎤᎬᏫᏳᎯ	u²gv²wị²yu²hi	1. king  2. president (nation)  3. chief
ced	ᎤᎭ	u²³ha	he has a solid object
ced	ᎤᎭᏠᎨᎭ	u¹hạ²hlo³gẹ²ha	he's yawning
ced	ᎤᎭᎸᏂ	u²hạ²lv²ni	bell
ced	ᎤᎭᏁᎦᎸᎢ	u¹hạ²ne³gạɂ²lv⁴ɂi	his lip
ced	ᎤᎭᏬᏍᏗᎭ	u¹hạ²wo³sdị²ha	he's smothering, suffocating
ced	ᎤᎯᏌᏔ	u¹hi³sạ²ta	there's dew
ced	ᎤᎯᏐᏓᏁᎭ	u¹hi²soh²da³²nẹ²ha	1. he's lonesome  2. he's homesick
ced	ᎤᎯᏐᏗ	u¹hi²soh³di	it's lonesome
ced	ᎤᏟᏂᎩᏓ	u²hlị²ni²³gị²da	powerful, strong
ced	ᎤᏟᏍᏓ	ụ²hli⁴sda	quickly
ced	ᎤᏠᎩ	u²hlọ²gi	his, her aunt
ced	ᎤᏠᏱ	u²hlo⁴yi	same kind of
ced	ᎤᎿ	u¹hna⁴	there
ced	ᎤᎿᎷᏛᎢ	u¹hnạ²lu³dv⁴ɂi	island
ced	ᎤᎿᎸᎦ	u¹hna²³lv³²ga	he's becoming angry
ced	ᎤᎿᎸᎭ	u¹hna²³lṿ³ha	he's angry
ced	ᎤᎿᏍᏕᏜ	u²hna¹sde²³dla	root
ced	ᎤᎿᏍᏕᏢᎢ	u²hna¹sde²³dlv⁴ɂi	its root
ced	ᎤᎿᏍᏆᎶᎠ	u¹hna³²sgwạ²lo³ɂa	stubbing his toe
ced	ᎤᎿᏑᎦ	u²hna¹su²³ga	possum grape
ced	ᎤᎿᏑᎦᏢᎢ	u¹hna³²suh²gạ²hlv⁴ɂi	his toenail
ced	ᎤᎿᏩᏍᏗᎭ	u¹hnạ²wa³²sdị²ha	he has a chill
ced	ᎤᎿᏬ	u²hnạ²wo	his shirt
ced	ᎤᏁᎸᏒᎢ	u¹hne²lv³sv⁴ɂi	his scar
ced	ᎤᏂᎭ	u²³hnị³ha	he's in bed
ced	ᎤᏂᏡᎬᎢ	u¹hnihl²gv⁴ɂi	stump
ced	ᎤᏃᏍᏓ	u²hno⁴sda	one dollar
ced	ᎤᏄᏩ	u¹hnu³²wa	he's wearing a shirt, coat
ced	ᎤᏅᏉᎳᏛᎢ	u¹hnv²kwo²lạ²tv⁴ɂi	rainbow
ced	ᎤᏅᏏᏴᎢ	u¹hnv³si²yv⁴ɂi	corner
ced	ᎤᏩᎨᏓ	u²hwạ²ge⁴da	thick
ced	ᎤᏩᏍᎦ	u¹hwạ²sga	he's buying it
ced	ᎤᏰᎢ	u²hye⁴hi	her husband
ced	ᎤᏲᎭ	u¹hyọ²ha	he's looking for it (inanimate)
ced	ᎤᏲᎷᎭ	u¹hyo²lụ³ha	he, it's afloat
ced	ᎤᏲᎾ	u²hyo²³na	horn
ced	ᎤᏴᏜ	u²hyv²dla	cold
ced	ᎤᏴᏜ	u²hyv⁴dla	cold
ced	ᎤᏴᏜ	U²hyv⁴dla	Republican
ced	ᎤᏴᏜ	u¹hyv²dla	it (weather) is cold
ced	ᎤᏴᏜ ᎤᏂᏱᎭ	u²hyv²dla u¹ni³yị²ha	he has a cold
ced	ᎤᏴᏥᏅᏗᎦ	u¹hyvh²jị²nv²tga	He's choking on it
ced	ᎤᏴᏍᏕᎠ	u¹hyṿ²sde³ɂa	He's getting drunk
ced	ᎤᏴᏍᏕᏓ	u²hyṿ²sde⁴da	drunk
ced	ᎤᏴᏍᏕᏍᎩ	u²hyṿ²sde⁴sgi	drunkard
ced	ᎤᏴᏍᏗ	ụ³hyṿ²sdi	strong (taste)
ced	ᎤᏣᎠ	u¹jạ³a	he's inside it
ced	ᎤᏣᎴᏍᏗ	u²jạ²le⁴sdi	wheat
ced	ᎤᏣᏘ	u²³jạ²ti	a lot
ced	ᎤᏤᎵ	u²je²li	his, her
ced	ᎤᏤᏥᏍᏗ	u¹je²tsdi	he's grinning
ced	ᎤᏤᏥᏍᏗ	u²je⁴tsdi	possum
ced	ᎤᏥ	u²ji	his mother
ced	ᎤᏥᎸᎢ	u²ji²lv³ɂi	cotton
ced	ᎤᏥᏯ	u²ji²ya	worm
ced	ᎤᏦᎾᏔ	u¹jo²nạ³ta	it's rattling
ced	ᎤᏦᎾᏘ	u²jo²nạ²ti	rattlesnake
ced	ᎤᏦᏍᏗ	u²jo⁴sdi	confusing
ced	ᎤᎧᏲᏓ	u²ka²hyo⁴da	dry
ced	ᎤᎧᏲᏛᎢ	u²ka²hyo⁴dv⁴ɂi	dry place
ced	ᎤᎧᏛᎯ	u¹kạ²tv⁴ɂhi	his face
ced	ᎤᎨᏓᎵᏴᎢ	u¹ke²³da³li²yv⁴ɂi	valley
ced	ᎤᎦᏌᏔ	u¹ksa²ta	it's sticking out
ced	ᎤᎦᏎᏍᏗ	u¹kse²sdi	1. he's watching him, 2. he's being careful
ced	ᎤᎦᏐᏣᏁᏓ	u²kso¹ja²ne⁴da	goat
ced	ᎤᎦᏑᏘ	u²ksu³ti	diamondback rattler
ced	ᎤᎩᏔ	u²kta	1. grain, 2. seed
ced	ᎤᎬᎭᏓ	u¹kṿ²hạ³da	it's foggy
ced	ᎤᎬᎯᏍᏗ	u²³kv¹hị²sdi	cute
ced	ᎤᏉᎴᎦ	u¹kwo²³le³²ga	he's not having any luck hunting
ced	ᎤᎳᏏᏕᏂ	u²la¹sih²de⁴ni	his foot
ced	ᎤᎳᏑᎶ	u²la¹su²³lo	his shoe
ced	ᎤᎴᎾᎯᎭ	u¹le²na²³hi³ha	he's losing his way
ced	ᎤᎴᏐᏓ	u²le²so⁴da	thin (animate)
ced	ᎤᎵᏓᏍᏗᎭ	u¹li²³da³²sdi²ha	he's making a mistake
ced	ᎤᎵᎪᎲᏍᏗ	u²li²go²³hv²sdi	fall
ced	ᎤᎵᏬᏨᎢ	u²li²hwo¹jv⁴ɂi	dead (non-human)
ced	ᎤᎵᏥᏍᏆᏁᏓ	u²li²ji¹sgwa²ne⁴da	curly
ced	ᎤᎵᏦᎯᏓ	u²li²jo²³hi³da	fat
ced	ᎤᎵᎩᏏ	u²li²ksi	intestine
ced	ᎤᎵᏍᏗ	u³li²sdi	weak
ced	ᎤᎵᏏ	u²li³si	his grandmother (maternal)
ced	ᎤᎵᏰᏗᎭ	u¹li²³ye³²di²ha	he's moaning
ced	ᎤᎵᏰᏑᏍᏔᎦ	u¹li²ye³²su²stga	he's wearing a ring
ced	ᎤᎶᎩᎳ	u¹lo³²gi²la	it's cloudy
ced	ᎤᎶᎩᎵ	u²lo¹gi³li	cloud
ced	ᎤᎵᏍᏓᏁᎭ	ul¹sda³²hnẹ²ha	it's happening to him
ced	ᎤᎵᏍᏚᎢᏓ	ul²sdu²ɂi⁴da	open
ced	ᎤᎵᏍᏚᎳ	ul¹sdu³la	he's wearing a cap
ced	ᎤᎵᏍᎨᏓ	ul²sge⁴da	important
ced	ᎤᎵᏍᏆᎵᏓ	ul³sgwa²li²da	1. broken (long object), 2. he's broke (when used in the plural form)
ced	ᎤᎵᏍᏆᎷᏓ	ul¹sgwa²lu³da	he's sticking his head out
ced	ᎤᎵᏍᏇᏚᎦ	ul¹sgwe³tuh²ga	he's wearing a hat
ced	ᎤᎵᏏᎦ	ul¹sih³ga	it's dark
ced	ᎤᎵᏏᎩ	ul²³sih²gi	dark
ced	ᎤᎵᏑᏫᏓ	ul²su²³hwi²da	colored
ced	ᎤᎸᏓ	u²lv²³da	poinson ivy
ced	ᎤᎸᏉᏗ	u¹lv²³kwdi	he likes it, him
ced	ᎤᎸᏌᏗ	u²lv²³sạɂ²di	glass
ced	ᎤᎾᎠ	u¹nạ³ɂa	he has a flexible object
ced	ᎤᎾᏓᏕᏒᏓ	u²nạ²da²de¹sv⁴da	chain
ced	ᎤᎾᎳᏍᎦᎵᏗᎢ	u²nạ²la¹sgahl³di⁴ɂi	1. ball field, 2. field house
ced	ᎤᎾᎵᎪᎭ	u¹nạ²li³gọ²ha	they're together
ced	ᎤᎾᎵᎢ	u²na²li⁴ɂi	his friend
ced	ᎤᎾᎵᎪᏗ	u²nạ²li⁴kdi	1. his girlfriend, 2. her boyfriend
ced	ᎤᎾᎶᎢᏓ	u²na²lo³ɂị²da	plaid
ced	ᎤᏁᎦ	u²ne⁴ga	white
ced	ᎤᏁᎦᎸᎢ	u¹ne³gạ²ɂlv⁴ɂi	his skin
ced	ᎤᏁᎩᎸᏗ	uɂne³gihl²di	ugly
ced	ᎤᏁᎫᏣ	u¹ne²³gu³²ja	he's being mean
ced	ᎤᏁᎫᏥᏓ	u²ne²gu³jị²da	cruel, mean
ced	ᎤᏁᎬᎭᎢ	u²ne²gv²ha⁴ɂi	blanket
ced	ᎤᏁᎭ	u¹nẹ³ha	he has liquid
ced	ᎤᏁᏝᏅᎯ, ᎤᏁᏝᏅᎯ	u²ne²³hlạ³nv⁴hi, u²ne²³hlạ³nv²hi	1. creator, 2. God
ced	ᎤᏁᏍᏓᎳ	u²ne²³sdạ³la	ice
ced	ᎤᏅᏥ	unh²³ji	snow
ced	ᎤᏅᏔ	unh¹ta	he knows it
ced	ᎤᏂᏏ	u²ni²³si	his grandparents, (paternal)
ced	ᎤᏃᏕᎾ	u²no¹de⁴na	sheep
ced	ᎤᏃᏴᎦ	u¹no²hyvh³ga	it is sounding
ced	ᎤᏃᎴ	u²no²le	wind, air, storm, tornado
ced	ᎤᏃᎸᏔᎾ	U²no²lv¹tạ²na	January
ced	ᎤᏅᏗ	u²nv²³di	milk
ced	ᎤᏅᏥᏓ	u²nv²³ji³da	brain
ced	ᎤᏅᏌ	u²nv²³sa	1. themselves, 2. one another, each other (see Gram. III A).
ced	ᎤᏌᎨᎢ	u²sạ³ge⁴ɂi	thin (inanimate)
ced	ᎤᏌᏃ	u¹sạ²no	her dress
ced	ᎤᏍᏓᎦᎸᎢ	u¹sda³²gạ²lv⁴ɂi	cave
ced	ᎤᏍᏓᎦᏴᎯᏓ	u²sdạ²gạ²yv²³hị²da	crisp
ced	ᎤᏍᏓᏴᎲᏍᎩ	u²sda¹yṿ²³hv²sgi	his wife
ced	ᎤᏍᏗ	u²sdi⁴	baby
ced	ᎤᏍᏗ	ụ²sdi⁴	little
ced	ᎤᏍᏗ ᎦᏅᏅᎢ	ụ²sdi⁴ gạ²nv²hnv⁴ɂi	trail
ced	ᎤᏍᏗᏁᎦᎸᎢ	u¹sdị²ne³gạ²ɂlv⁴ɂi	his scalp
ced	ᎤᏍᏛᏗᎠ	u¹sdv²dị³ɂa	he's receiving punishment
ced	ᎤᏎᎦᏨᎢ, ᏎᎦᏨᎢ	u²se²ga¹jv⁴ɂi, se²ga¹jv⁴ɂi	barely
ced	ᎤᏍᎦᏃᎵ	u²sgạ²no⁴li	slow
ced	ᎤᏍᎪᏍᏗ	u²sgo⁴sdi	bright
ced	ᎤᏍᏆᏂᎩᏗ	u²³sgwạ²nị²kdi	interesting
ced	ᎤᏍᏉᏟᎢ	u²sgwo²hli⁴ɂi	his abdomen, stomach
ced	ᎤᏏᏩ	u²³sị²hwa	empty
ced	ᎤᏏᏩᏍᎦ	u¹sị²hwạ³sga	he's coughing
ced	ᎤᏍᎧ	ụ²ska	head, skull
ced	ᎤᏍᎪᎵ	u²sko⁴li	peak, (of object)
ced	ᎤᏐᏛᎢ	u¹so²tv⁴ɂi	behind a person
ced	ᎤᏍᏘᎬᎢ	u¹stih²gv⁴ɂi	his (head of) hair
ced	ᎤᏑᎦᏢᎢ	u³suh²gạ²hlv⁴ɂi	his claw
ced	ᎤᏑᎳ	u³su²la	he's wearing pants
ced	ᎤᏑᎶ	u¹su²lo	his pants
ced	ᎤᏒᏕᎾ	u²sv²de⁴na	shotgun
ced	ᎤᏒᏙᏂ	u²sv²do⁴ni	conduit, pipe
ced	ᎤᏒᎯᎭ	u¹sv²hị³ha	he's going to bed
ced	ᎤᏒᎢ	ụ²sv⁴ɂi	night
ced	ᎤᏔᏕᎩᎠ	u¹tạ²de²gi³ɂa	he's thirsty
ced	ᎤᏔᏝᏬᏍᎦ	u¹tạ²hlạ²wo²sga	he's becoming enraged
ced	ᎤᏔᎾ	u²³tạ²na	big, large
ced	ᎤᏔᏂ	u²tạ²ni⁴	too big, large
ced	ᎤᏔᏃᎸᏓ	u²tạ²no²³lv⁴da	steam
ced	ᎤᏘᏴᏅᎢ	u²ti²yv²³hnv⁴ɂi	leftovers
ced	ᎤᏥᏆᎸᏛᎢ	u¹tsgwạ²lv²tv⁴ɂi	his ankle
ced	ᎤᏥᏈᏗ	u²³tsgwị²di	crooked
ced	ᎤᏥᏈᏍᏗ	u²tsgwi⁴sdi	a lot
ced	ᎤᏚᎩ	u²tu¹gi	hope
ced	ᎤᏛᏓᏍᏗ	u¹tv²da³²sdi	he's listening to him, it
ced	ᎤᏛᎯᏍᏗ	u²tṿ²hị²sdi	old chap (of men)
ced	ᎤᏛᏐᏅᎢ	u²tṿ²so²hnv⁴ɂi	old man
ced	ᎤᏩᎢᏢᎢ	u¹wa³ɂị²hlv⁴ɂi	bush
ced	ᎤᏩᏥᏍᎦᏢᎢ	u¹wa²ji²³sgạ³hlv⁴ɂi	scales (of fish)
ced	ᎤᏩᎨᏫᏍᎦ	u¹wa²kew²sga	he's forgetting
ced	ᎤᏩᎫᎴᎦ	u¹wa²ku²³le³²ga	he's belching, burping
ced	ᎤᏩᎾᏫᎠ	u¹wa³na²wị³ɂa	he's shivering
ced	ᎤᏩᏂᏒᎢ	ụ²wan²sv⁴ɂi	ripe
ced	ᎤᏩᏂ	u¹wạɂ³ni	wool
ced	ᎤᏩᏂᎦᏢᎢ	u¹wa³nị²gạ²hlv⁴ɂi	limb (of a tree)
ced	ᎤᏩᏅᎦ	u¹wa²nv³ga	he's in a hurry
ced	ᎤᏩᏌ	ụ²wa⁴sa	alone, only
ced	ᎤᏩᏌ	ụ²wa²³sa	himself, itself (see Gram. III, A)
ced	ᎤᏩᏒᎯ	ụ²wa¹sv⁴hi	numb
ced	ᎤᏩᏩᏒᎦ	u¹waw²sv³²ga	he smells it
ced	ᎤᏩᏯ	u¹wa³²ya	he has a long object
ced	ᎤᏪᎯᏍᏓᏁᎭ	u¹we²hị²sda³²nẹ²ha	he's aching, hurting
ced	ᎤᏪᏡᎦ	u¹we²hluh³ga	he's yelling, howling, meowing, etc.
ced	ᎤᏪᎿᎢ	ụ²we²³hnạ²ɂi	wealthy
ced	ᎤᏪᏥ	ụ²we²³ji	egg
ced	ᎤᏪᏥ	ụ²we²³ji	his offspring, child
ced	ᎤᏪᏥ ᎠᏧᏣ	ụ²we²³ji ạ²chu⁴ja	his son (child)
ced	ᎤᏪᏥ ᎠᎨᏯ	ụ²we²³ji ạ²ge²³hya	his daughter (adult)
ced	ᎤᏪᏥ ᎠᎨᏳᏣ	ụ²we²³ji ạ²ge²hyu⁴ja	his daughter (child)
ced	ᎤᏪᏥ ᎠᏍᎦᏯ	ụ²we²³ji ạ²sgạ²ya	his son (adult)
ced	ᎤᏪᎧᎭ	u¹we²kạ³ha	he has it (animate)
ced	ᎤᏪᎳ	ụ²we²la	liver
ced	ᎤᏪᎵᎯᎠ	u¹we²li²³hị³ɂa	he's worried, anxious
ced	ᎤᏪᎵᎯᏍᏗ	ụ²we²li²³hi⁴sdi	worried
ced	ᎤᏪᏘ	ụ²we⁴ti	old (object)
ced	ᎤᏪᏴᎢ	u¹we³yv⁴ɂi	creek, river, stream
ced	ᎤᏬᏕᏫᏓ	ụ²wo²de²³hwi⁴da	damp
ced	ᎤᏬᏗᎨᎢ	ụ²wo²³dị³ge⁴ɂi	brown
ced	ᎤᏬᏚᎯ	ụ²wo²du⁴hi	pretty
ced	ᎤᏬᎩᏟ	ụ²wo¹gị³hli	foam, beer
ced	ᎤᏬᎯᏳᎭ	u¹wo²hị²yụ³ha	1. he's confident  2. he has faith
ced	ᎤᏬᏝ	u¹wo²³hla	1. he's sitting  2. he's at home
ced	ᎤᏬᏝᎥᎢ	u¹wọ²hlạ³ɂv⁴ɂi	bluff
ced	ᎤᏬᎵᏗ	ụ²wohl⁴di	funny
ced	ᎤᏬᏘᏓ	ụ²wo²³tị²da	swollen
ced	ᎤᏬᏰᏂ	ụ²wo¹ye⁴ni	his hand
ced	ᎤᏭᏯᏘ	ụ²wu²³yạ²ti	furry
ced	ᎤᏰᎸᏗ	u²yehl⁴di	reason
ced	ᎤᏰᎶᎢᏍᏗ	u²ye²lọ³ɂị²sdi	suddenly
ced	ᎤᏰᎸᎭᎢ	u²ye²lv²ha⁴ɂi	naked
ced	ᎤᏰᏘᏍᎦ	u¹ye²tsga	he's laughing
ced	ᎤᏲᏕᎠ	u¹yo²de³ɂa	he's itching
ced	ᎤᏲᎱᏎᎭ	u¹yo²hu²³sẹ³ha	he's losing it
ced	ᎤᏲᎱᏒᎢ	u²yo²hu²sv⁴ɂi	dead (human)
ced	ᎤᏲᎢ	u²yo⁴ɂi	bad
ced	ᎤᏲᏨᎢ	u²yo¹jv⁴ɂi	1. broken, 2. spoiled (person)
ced	ᎤᏲᏏᎭ	u¹yo³sị²ha	he's hungry
ced	ᎥᏓᎵ	v²dạ²li	pond, lake
ced	ᎥᏳᎩ	v²hyu²³gi	disease
ced		-vɂi	future imperative (see Gram. I, D)
ced		-vɂi	past tense (see Gram. I, D)
ced	ᎥᎴ	v²le	locust
ced	ᎥᏍᎩᎩ	v¹sgị²gi³	really?
ced	ᎥᏍᎩᏅ ᎢᏳᏍᏗ	v¹sgị²hnv³ ị²yu⁴sdi	therefore, for that reason
ced	ᎥᏍᎩᏱ	V²³sgị³hyi	December
ced	ᎥᏍᎩᎾ	v¹sgị²na	that
ced		w-	translocative (see Gram. I, A) (direction away from speaker)
ced	ᏩᏓᏚᎦ	wa²³dạ³du²³ga	dragonfly
ced	ᏩᏗᎠ	wạ²dị³ɂa	he's sending a long object
ced	ᏩᏙ	wạ²do	thank you
ced	ᏩᏚᎵᏏ	wa³du²li³si	1. bee  2. honey, syrup, sorghum
ced	ᏩᏚᎾ	wạ²du²³na	blood vessel
ced	ᏩᎦ	wah²ga	cow
ced	ᏩᎦ ᎭᏫᏯ	wah²ga hạ²wi²ya	beef, steak
ced	ᏩᎱᎯ	wa²³hụ³hi	owl
ced	ᏩᎲᏍᎦ	wạ²hṿ³sga	he's sending it
ced	ᏩᏯ, ᏩᎭᏯ	wạ²hya, wạ²hạ²ya	wolf
ced	ᏩᏥ	wa²³ji	clock, watch
ced	ᏩᏥᎳ	wạ²ji¹la	saliva
ced	ᏩᎦᏘ	wạ²kti	he's heading in the direction of
ced	ᏩᎴᎳ	wa³le²la	hummingbird
ced	ᏩᎶᏏ	wạ²lo³si	frog
ced	ᏩᏁᎢ	wạ²ne³ɂi	hickory tree
ced	ᏩᏂᎨᎢ	wạ²nị³ge⁴ɂi	soft
ced	ᏩᏐᏝ	wa³so²hla	moth
ced	ᏩᏒᏓᎾ	Wa³sv²dạɂ³na	Washington
ced	ᏩᏒᏓᏃᎢ	Wa³sv²dạɂ³no⁴ɂi	Washington (place)
ced		-we-	reversive (see Gram. I, C)
ced	ᏪᏌ	we²³sa	cat
ced		wi-, w-	1. motion away from speaker 2. back toward speaker (see Gram. I, A)
ced	ᏫᎦᎧᎲᏍᎦ	wi²ga²³kạ³hṿ²sga	he's sending, taking it (animate)
ced	ᏫᎦᏁᎲᏍᎦ	wị²gạ²ne³hṿ²sga	he's sending, taking it (liquid)
ced	ᏫᎦᏅᎥᏍᎦ	wị²gạ³nṿ³ɂṿ²sga	he's sending; taking it (flexible)
ced	ᏬᏱ, ᏬᏯ	wo²yi, wo²ya	pigeon
ced	ᏭᏕᎵᎦ	wu²³de³li¹ga	he, it's going out of sight
ced	ᏭᏕᎵᎬᎢ	wu²³de³li¹gv⁴ɂi	west
ced	ᏭᏩᎪᏛᎢ	wụ²wa³kdv⁴ɂi	rest of, remnants
ced		y-	non-factual (see Gram. I, A)
ced		y-	negative (not), conditional (if) (see Gram. I, A)
ced		-ya, -yaɂi	pure blood, full blood (see Gram. II, B)
ced	ᏯᏂᏌ	yan²sa	buffalo
ced		yi-	see y-
ced	ᏱᎩ	yi⁴gi	if (see Gram. I, G)
ced	ᏱᏂᎦᎵᏍᏗᎭᏊ ᎢᎸᏢᎢ	yị²nị²gal³sdị³hạ²gwu ị²lvh³dlv⁴ɂi	anywhere, wherever
ced	ᏱᏂᎦᎵᏍᏗᎭᏊ ᎩᎶ	yị²nị²gal³sdị³hạ²gwu kị²lo	anyone
ced	ᏲᎾ	yo²³na	bear
ced	ᏲᏁᎦ, ᏴᏭᏁᎦ	yo³ne²ga, yv³wụ³ne²ga	1. white man, 2. English (language)
ced	ᏳᏓᎭᎢ, ᎢᏳᏓᎵᎭᎢ	yu³da³ha⁴ɂi, ị²yu³da²li²ha⁴ɂi	sometimes
ced	ᏴᎩ	yv²gi	1. fork, 2. nail, needle
ced	ᏴᏩᎩᏍᎩ	yv²wạ²gi¹sgi	cannibal
