Ꭰ-, Ꭶ-	Ạ²-, Gạ²-	
Ꭴ-, ᎤᏩ-	U¹-, U¹w-	
Ꭼ-, ᎬᏯ-	Gv²-, Gv²y-	
Ꭿ-, ᎯᏯ-	Hi²-, Hi²y-	
Ꭿ-	Hị²-	
Ꮣ-, ᏕᎦ-	Dạ²-, De²gạ²-	
Ꮪ-, ᏚᏩ-	Du²-, Du²w-	
Ꮳ-	Jạ²-	
Ꮵ-, ᏥᏯ-	Ji²-, Ji²y-	
Ꮵ-, Ꭶ-	Jị²-, G-	
ᎠᎩ-, ᎠᏆ-	A¹gị²-, A¹gw-	
ᎠᏂ-	A¹ni²-	
ᎠᏥ-, ᎠᎦ-	A¹jị²-, A¹g-	
ᎡᎩ-	E¹gi²-	
ᎡᏂ-	E¹ni²-	
ᎡᏗ-	E¹di²-	
ᎡᏣ-	E¹jạ²-	
ᎡᏥ-	E¹ji²-	
ᎢᎩ-	I¹gi²-	
ᎢᏂ-	I¹ni²-	
ᎢᏗ-	I¹di²-	
ᎢᏥ-	I¹ji²-	
ᎢᏨ-, ᎢᏨᏯ-	I¹jv²-, I¹jv²y-	
ᎣᎩ-	O¹gi²-	
ᎣᏥ-	O¹ji²-	
ᎤᏂ-	U¹ni²-	
ᎥᎩ-, ᎥᏆ-	V¹gị²-, V¹gw-	
ᎦᎯ-, ᎦᎯᏯ-	Gạ²hi²-, Gạ²hi²y-	
ᎦᏥ-, ᎦᏥᏯ-	Gạ²ji²-, Gạ²ji²y-	
ᎨᎩ-	Ge²gi²-	
ᎨᏂ-	Ge²ni²-	
ᎨᏗ-	Ge²di²-	
ᎨᏣ-	Ge²jạ²-	
ᎨᏥ-	Ge²ji²-	
ᎨᏥ-, ᎨᎦ-	Ge²ji²-, Ge²g-	
ᎨᏥ-	Ge³ji²-	
ᎩᏂ-	Gị²ni²-	
ᎪᎩ-	Go²gi²-	
ᎪᏥ-	Go²ji²-	
ᎬᎩ-, ᎬᏆ-	Gv²gi²-, Gv²gw-	
ᏍᎩ-, ᏍᏆ-	Sgị²-, Sgw-	
ᏍᏗ-	Sdi²-	
ᏍᏛ-, ᏍᏛᏯ-	Sdv²-, Sdv²y-	
ᏓᎩ-, ᏓᏆ-	Da¹gị²-, Da¹gw-	
ᏓᏂ-	Da¹ni²-	
ᏕᎩ-	De³gi²-	
ᏕᎯ-	De²hị²-	
ᏕᏂ-	De³ni²-	
ᏕᏗ-	De³di²-	
ᏕᏣ-	De²jạ²-	
ᏕᏥ-, ᏕᎦ-	De²jị²-, De²g-	
ᏕᏥ-	De³ji²-	
ᏙᎩ-	Do¹gi²-	
ᏙᏥ-	Do¹ji²-	
ᏚᏂ-	Du¹ni²-	
ᎠᏓᏓ-	A¹da²d-	
ᎡᎩᏂ-	E¹gị²ni²-	
ᎡᏍᏗ-	E¹sdi²-	
ᎢᏍᎩ-, ᎢᏍᎩᏯ-	I¹sgi²-, I¹sgi²y-	
ᎣᎩᏂ-	O¹gị²ni²-	
ᎣᏍᏗ-	O¹sdi²-	
ᎤᏓᏓ-	U¹da²d-	
ᎦᏓᏓ-	Gạ²da²d-	
ᎨᎩᏂ-	Ge²gị²ni²-	
ᎨᏍᏗ-	Ge²sdi²-	
ᎪᎩᏂ-	Go²gị²ni²-	
ᎪᏍᏗ-	Go²sdi²-	
ᎭᏓᏓ-	Hạ²da²d-	
ᏍᎩᏂ-	Sgị²ni²-	
ᏕᎩᏂ-	De²gị²ni²-	
ᏕᏍᏗ-	De²sdi²-	
ᏙᎩᏂ-	Do¹gị²ni²-	
ᏙᏍᏗ-	Do¹sdi²-	
ᏣᏓᏓ-	Jạ²da²d-	
ᎠᎾᏓᏓ-	A¹nạ²da²d-	
ᎠᏆᏓᏓ-	A¹gwạ²da²d-	
ᎢᎦᏓᏓ-	I¹gạ²da²d-	
ᎢᎾᏓᏓ-	I¹nạ²da²d-	
ᎢᏓᏓᏓ-	I¹dạ²da²d-	
ᎢᏣᏓᏓ-	I¹jạ²da²d-	
ᎣᎦᏓᏓ-	O¹gạ²da²d-	
ᎣᏣᏓᏓ-	O¹jạ²da²d-	
ᎤᎾᏓᏓ-	U¹nạ²da²d-	
ᎩᎾᏓᏓ-	Gị²nạ²da²d-	
ᏍᏓᏓᏓ-	Sdạ²da²d-	
ᏓᎾᏓᏓ-	Da¹nạ²da²d-	
ᏕᎦᏓᏓ-	De³gạ²da²d-	
ᏕᎾᏓᏓ-	De³nạ²da²d-	
ᏕᏓᏓᏓ-	De³dạ²da²d-	
ᏕᏣᏓᏓ-	De³jạ²da²d-	
ᏙᎦᏓᏓ-	Do¹gạ²da²d-	
ᏙᏣᏓᏓ-	Do¹jạ²da²d-	
ᏚᎾᏓᏓ-	Du¹nạ²da²d-	
ᎣᎩᎾᏓᏓ-	O¹gị²nạ²da²d-	
ᎣᏍᏓᏓᏓ-	O¹sdạ²da²d-	
ᏕᎩᎾᏓᏓ-	De²gị²nạ²da²d-	
ᏕᏍᏓᏓᏓ-	De²sdạ²da²d-	
ᏙᎩᎾᏓᏓ-	Do¹gị²nạ²da²d-	
ᏙᏍᏓᏓᏓ-	Do¹sdạ²da²d-	
ᎡᏥ	e²ji	ee2ji
ᎡᎦ	e³ga	ee3ga
ᎤᎭ	u¹ha	uu1ha
ᎤᏥ	u²ji	uu2ji
ᏨᏌ	jv⁴sa	jvv4sa
ᎯᎪᏩᏔ	hi²go¹wah²ta	hii2goo1wah2ta
ᎨᎦ	ge³ga	gee3ga
ᏚᎭ	du²ha	duu2ha
ᎮᎦ	he³ga	hee3ga
ᏘᎦ	tị²ga	ti2ga
ᎠᏋᏌ	a¹gwv⁴sa	aa1gwvv4sa
ᏓᎦ	dạ²ga²	da2ga2
ᏍᏕᎦ	sde³ga	sdee3ga
ᎠᏁᎦ	a¹ne³ga	aa1nee3ga
ᎢᎩᎭ	i¹gi²ha	ii1gii2ha
ᏍᏉᎵᎦ	sgwohl²ga	sgwohl2ga
ᎢᏁᎦ	i¹ne³ga	ii1nee3ga
ᎢᏕᎦ	i¹de³ga	ii1dee3ga
ᎣᎩᎭ	o¹gi²ha	oo1gii2ha
ᎠᎪᎵᎦ	a¹go²li¹ga	aa1goo2lii1ga
ᎢᏤᎦ	i¹je³ga	ii1jee3ga
ᎤᏂᎭ	u¹ni²ha	uu1nii2ha
ᎣᏤᎦ	o¹je³ga	oo1jee3ga
ᏓᎩᎭ	da¹gị²ha	daa1gi2ha
ᏕᎩᎭ	de³gi²ha	dee3gii2ha
ᎡᎪᎵᎦ	e¹go²li¹ga	ee1goo2lii1ga
ᎣᏍᏕᎦ	o¹sde³ga	oo1sdee3ga
ᏓᏂᎦ	da¹ni²ga²	daa1nii2ga2
ᏙᎩᎭ	do¹gi²ha	doo1gii2ha
ᎡᏃᎵᎦ	e¹no²li¹ga	ee1noo2lii1ga
ᏙᏥᎦ	do¹ji²ga²	doo1jii2ga2
ᏚᏂᎭ	du¹ni²ha	duu1nii2ha
ᎡᏙᎵᎦ	e¹do²li¹ga	ee1doo2lii1ga
ᎡᏦᎵᎦ	e¹jo²li¹ga	ee1joo2lii1ga
ᎩᏂᎭ	gị²ni²ha	gi2nii2ha
ᎡᏦᎵᎦ	e¹johl²ga	ee1johl2ga
ᏕᏍᏗᎭ	de²sdi²ha	dee2sdii2ha
ᏕᏣᎭ	de²jạ²ha	dee2ja2ha
ᏕᏥᎦ	de²jị²ga²	dee2ji2ga2
ᏕᏂᎦ	de³ni²ga²	dee3nii2ga2
ᏕᏥᎭ	de³ji²ha	dee3jii2ha
ᏕᏗᎦ	de³di²ga²	dee3dii2ga2
ᎣᎩᏂᎭ	o¹gị²ni²ha	oo1gi2nii2ha
ᏕᎩᏂᎭ	de²gị²ni²ha	dee2gi2nii2ha
ᏙᎩᏂᎭ	do¹gị²ni²ha	doo1gi2nii2ha
ᏙᏍᏗᎦ	do¹sdi²ga²	doo1sdii2ga2
ᎥᏉᎵᎦ	v¹gwohl²ga	vv1gwohl2ga
ᏭᏓᏚᎳ	wu¹dạ²du²³la	wuu1da2duu23la
ᎨᎪᎵᎦ	ge²go²li¹ga	gee2goo2lii1ga
ᎨᎪᎵᎦ	ge²gohl²ga	gee2gohl2ga
ᎢᏍᎩᎪᏩᏔ	i¹sgi²go¹wah²ta	ii1sgii2goo1wah2ta
ᎨᏃᎵᎦ	ge²no²li¹ga	gee2noo2lii1ga
ᎦᎯᎪᏩᏔ	gạ²hi²go¹wah²ta	ga2hii2goo1wah2ta
ᎨᏙᎵᎦ	ge²do²li¹ga	gee2doo2lii1ga
ᎨᏦᎵᎦ	ge²jo²li¹ga	gee2joo2lii1ga
ᎨᏦᎵᎦ	ge²johl²ga	gee2johl2ga
ᎨᏦᎵᎦ	ge³jo²li¹ga	gee3joo2lii1ga
ᏣᏓᏚᎳ	jạ²dạ²du²³la	ja2da2duu23la
ᎭᏓᎪᏩᏔ	hạ²da²go¹wah²ta	haa2daa2goo1wah2ta
ᎪᎪᎵᎦ	go²gohl²ga	goo2gohl2ga
ᎪᏦᎵᎦ	go²jo²li¹ga	goo2joo2lii1ga
ᎬᏉᎵᎦ	gv²gwohl²ga	gvv2gwohl2ga
ᎬᏲᎵᎦ	gv²yo²li¹ga	gvv2yoo2lii1ga
ᏥᏲᎵᎦ	ji²yo²li¹ga	jii2yoo2lii1ga
ᏍᏓᏓᎪᏩᏔ	sdạ²da²go¹wah²ta	sdaa2daa2goo1wah2ta
ᎡᏍᏙᎵᎦ	e¹sdo²li¹ga	ee1sdoo2lii1ga
ᎢᎦᏓᏚᎳ	i¹gạ²dạ²du²³la	ii1ga2da2duu23la
ᎨᏍᏙᎵᎦ	ge²sdo²li¹ga	gee2sdoo2lii1ga
ᎪᏍᏙᎵᎦ	go²sdo²li¹ga	goo2sdoo2lii1ga
ᏩᏆᏓᏚᎳ	wa¹gwạ²dạ²du²³la	waa1gwaa2da2duu23la
ᏍᏛᏲᎵᎦ	sdv²yo²li¹ga	sdvv2yoo2lii1ga
ᎠᏓᏙᎵᎦ	a¹da²dohl²ga	aa1daa2dohl2ga
ᎢᏨᏲᎵᎦ	i¹jv²yo²li¹ga	ii1jvv2yoo2lii1ga
ᏍᎩᏃᎵᎦ	sgị²no²li¹ga	sgi2noo2lii1ga
ᎡᎩᏃᎵᎦ	e¹gị²no²li¹ga	ee1gi2noo2lii1ga
ᎢᎾᏓᎪᏩᏔ	i¹nạ²da²go¹wah²ta	ii1na2daa2goo1wah2ta
ᎢᏓᏓᎪᏩᏔ	i¹dạ²da²go¹wah²ta	ii1da2daa2goo1wah2ta
ᎢᏣᏓᎪᏩᏔ	i¹jạ²da²go¹wah²ta	ii1ja2daa2goo1wah2ta
ᎦᏓᏙᎵᎦ	gạ²da²dohl²ga	ga2daa2dohl2ga
ᎦᏥᏲᎵᎦ	gạ²ji²yo²li¹ga	ga2jii2yoo2lii1ga
ᎨᎩᏃᎵᎦ	ge²gị²nohl²ga	gee2gi2nohl2ga
ᏬᎦᏓᏚᎳ	wo¹gạ²dạ²du²³la	woo1ga2da2duu23la
ᎪᎩᏃᎵᎦ	go²gị²nohl²ga	goo2gi2nohl2ga
ᏭᎾᏓᏚᎳ	wu¹nạ²dạ²du²³la	wuu1na2da2duu23la
ᎩᎾᏓᏚᎳ	gị²nạ²dạ²du²³la	gi2na2da2duu23la
ᎠᎾᏓᏙᎵᎦ	a¹nạ²da²dohl²ga	aa1naa2daa2dohl2ga
ᎣᏣᏓᏙᎵᎦ	o¹jạ²da²dohl²ga	oo1ja2daa2dohl2ga
ᏕᎦᏓᎪᎲᎢ	de³gạ²da²go²hv²³ɂi	dee3ga2daa2goo2hvv23-i
ᏓᎾᏓᏙᎵᎦ	da¹nạ²da²dohl²ga	daa1naa2daa2dohl2ga
ᏕᎾᏓᏙᎵᎦ	de³nạ²da²dohl²ga	dee3na2daa2dohl2ga
ᏙᎦᏓᎪᎲᎢ	do¹gạ²da²go²hv²³ɂi	doo1ga2daa2goo2hvv23-i
ᏕᏓᏓᏙᎵᎦ	de³dạ²da²dohl²ga	dee3da2daa2dohl2ga
ᏕᏣᏓᏙᎵᎦ	de³jạ²da²dohl²ga	dee3ja2daa2dohl2ga
ᏚᎾᏓᎪᎲᎢ	du¹nạ²da²go²hv²³ɂi	duu1na2daa2goo2hvv23-i
ᏙᏣᏓᏙᎵᎦ	do¹jạ²da²dohl²ga	doo1ja2daa2dohl2ga
ᎣᏍᏓᏓᏙᎵᎦ	o¹sdạ²da²dohl²ga	oo1sda2daa2dohl2ga
ᏕᏍᏓᏓᏙᎵᎦ	de²sdạ²da²dohl²ga	dee2sdaa2daa2dohl2ga
ᏕᎩᎾᏓᎪᎲᎢ	de²gị²nạ²da²go²hv²³ɂi	dee2gi2na2daa2goo2hvv23-i
ᏙᏍᏓᏓᏙᎵᎦ	do¹sdạ²da²dohl²ga	doo1sda2daa2dohl2ga
ᏙᎩᎾᏓᎪᎲᎢ	do¹gị²nạ²da²go²hv²³ɂi	doo1gi2na2daa2goo2hvv23-i
ᏬᎩᎾᏓᏚᎳ	wo¹gị²nạ²dạ²du²³la	woo1gi2na2da2duu23la
ᎬᏥ	gv²ji	gvv2ji
ᎮᎾ	he¹na	hee1na
ᎤᎰᎢ	u¹ho³ɂi	uu1hoo3-i
ᎨᎾ	ge¹na²	gee1na2
ᏪᎾ	we¹na	wee1na
ᏚᎰᎢ	du²ho³ɂi	duu2hoo3-i
ᎬᎪᎲᎢ	gv²go²hv²³ɂi	gvv2goo2hvv23-i
ᏍᏉᎵᎩ	sgwohl²gi	sgwohl2gi
ᏍᏕᎾ	sde¹na	sdee1na
ᏣᎭ	jạ²ha	ja2ha
ᎢᎬᏌ	i¹gv⁴sa	ii1gvv4sa
ᎢᏁᎾ	i¹ne¹na	ii1nee1na
ᏓᎩᎠ	dạ²gị³ɂa	da2gi3-a
ᎡᎪᎵᎩ	e¹go²li¹gi	ee1goo2lii1gi
ᎢᏕᎾ	i¹de¹na	ii1dee1na
ᎡᏃᎵᎩ	e¹no²li¹gi	ee1noo2lii1gi
ᏥᎪᎲᎢ	ji²go²hv²³ɂi	jii2goo2hvv23-i
ᎢᏤᎾ	i¹je¹na	ii1jee1na
ᎣᎬᏌ	o¹gv⁴sa	oo1gvv4sa
ᎡᏙᎵᎩ	e¹do²li¹gi	ee1doo2lii1gi
ᎤᏅᏌ	u¹nv⁴sa	uu1nvv4sa
ᏩᏁᎾ	wa¹ne¹na	waa1nee1na
ᎡᏦᎵᎩ	e¹jo²li¹gi	ee1joo2lii1gi
ᏍᏛᎪᎲᎢ	sdv²go²hv²³ɂi	sdvv2goo2hvv23-i
ᏬᏤᎾ	wo¹je¹na	woo1jee1na
ᎡᏦᎵᎩ	e¹johl²gi	ee1johl2gi
ᎩᏅᏌ	gị²nv⁴sa	gi2nvv4sa
ᏓᎩᎰᎢ	da¹gị²ho³ɂi	daa1gi2hoo3-i
ᎣᎩᏅᏌ	o¹gị²nv⁴sa	oo1gi2nvv4sa
ᏕᎩᎰᎢ	de³gi²ho³ɂi	dee3gii2hoo3-i
ᏬᏍᏕᎾ	wo¹sde¹na	woo1sdee1na
ᏙᎩᎰᎢ	do¹gi²ho³ɂi	doo1gii2hoo3-i
ᏗᏗᎦ	dị²di²ga	di2dii2ga
ᎨᏃᎵᎩ	ge²no²li¹gi	gee2noo2lii1gi
ᏙᏥᎩᎠ	do¹ji²gị³ɂa	doo1jii2gi3-a
ᏚᏂᎰᎢ	du¹ni²ho³ɂi	duu1nii2hoo3-i
ᎠᎩᎭ	a¹gị²ha	aa1gi2ha
ᎨᏙᎵᎩ	ge²do²li¹gi	gee2doo2lii1gi
ᏕᎯᎦ	de²hị²ga²	dee2hi2ga2
ᏗᏂᎦ	dị³ni²ga	di3nii2ga
ᎨᏦᎵᎩ	ge²jo²li¹gi	gee2joo2lii1gi
ᏕᏍᏗᎦ	de²sdi²ga²	dee2sdii2ga2
ᏕᏣᎰᎢ	de²jạ²ho³ɂi	dee2ja2hoo3-i
ᏕᏥᎩᎠ	de²jị²gị³ɂa	dee2ji2gi3-a
ᏩᎪᎵᎩ	wa¹go²li¹gi	waa1goo2lii1gi
ᏩᏓᎪᏩᏔ	wa¹da²go¹wah²ta	waa1daa2goo1wah2ta
ᎨᎪᎵᏍᏗ	ge²go²hlị³sdi	gee2goo2hli3sdi
ᏕᏥᎦ	de³ji²ga²	dee3jii2ga2
ᎤᏓᎪᎲᎢ	u¹da²go²hv²³ɂi	uu1daa2goo2hvv23-i
ᏕᎩᏂᎰᎢ	de²gị²ni²ho³ɂi	dee2gi2nii2hoo3-i
ᏫᏨᎪᏩᏔ	wi¹jv²go¹wah²ta	wii1jvv2goo1wah2ta
ᏙᎩᏂᎰᎢ	do¹gị²ni²ho³ɂi	doo1gi2nii2hoo3-i
ᏙᏍᏗᎩᎠ	do¹sdi²gị³ɂa	doo1sdii2gi3-a
ᎨᏦᎵᏍᏗ	ge³jo²li³sdi	gee3joo2lii3sdi
ᎪᎪᎵᏍᏗ	go²go²hlị³sdi	goo2goo2hli3sdi
ᎨᎪᎵᎦ	ge²go²li¹ga²	gee2goo2lii1ga2
ᎪᏦᎵᏍᏗ	go²jo²li³sdi	goo2joo2lii3sdi
ᏮᏉᎵᎩ	wv¹gwohl²gi	wvv1gwohl2gi
ᎬᏉᎵᏍᏗ	gv²gwo²hlị³sdi	gvv2gwoo2hli3sdi
ᎡᏍᏙᎵᎩ	e¹sdo²li¹gi	ee1sdoo2lii1gi
ᎨᏍᏙᎵᎩ	ge²sdo²li¹gi	gee2sdoo2lii1gi
ᎨᏦᎵᎦ	ge²johl²ga²	gee2johl2ga2
ᏍᎩᏃᎵᎩ	sgị²no²li¹gi	sgi2noo2lii1gi
ᎯᏲᎵᎦ	hi²yo²li¹ga	hii2yoo2lii1ga
ᎪᏍᏙᎵᏍᏗ	go²sdo²li³sdi	goo2sdoo2lii3sdi
ᏓᏃᎵᎦ	da¹nohl²ga	daa1nohl2ga
ᎡᎩᏃᎵᎩ	e¹gị²no²li¹gi	ee1gi2noo2lii1gi
ᎦᏥᎪᎲᎢ	gạ²ji²go²hv²³ɂi	ga2jii2goo2hvv23-i
ᎦᏓᎪᏩᏔ	gạ²da²go¹wah²ta²	ga2daa2goo1wah2ta2
ᎨᎩᏃᎵᏍᏗ	ge²gị²no²hlị³sdi	gee2gi2noo2hli3sdi
ᎪᎩᏃᎵᏍᏗ	go²gị²no²hlị³sdi	goo2gi2noo2hli3sdi
ᏣᏓᎪᎲᎢ	jạ²da²go²hv²³ɂi	ja2daa2goo2hvv23-i
ᎢᏍᎩᏲᎵᎦ	i¹sgi²yo²li¹ga	ii1sgii2yoo2lii1ga
ᎦᎯᏲᎵᎦ	gạ²hi²yo²li¹ga	ga2hii2yoo2lii1ga
ᏩᎾᏓᎪᏩᏔ	wa¹nạ²da²go¹wah²ta	waa1naa2daa2goo1wah2ta
ᎠᏆᏓᎪᎲᎢ	a¹gwạ²da²go²hv²³ɂi	aa1gwaa2daa2goo2hvv23-i
ᎢᎦᏓᎪᎲᎢ	i¹gạ²da²go²hv²³ɂi	ii1ga2daa2goo2hvv23-i
ᎭᏓᏙᎵᎦ	hạ²da²dohl²ga	haa2daa2dohl2ga
ᎣᎦᏓᎪᎲᎢ	o¹gạ²da²go²hv²³ɂi	oo1ga2daa2goo2hvv23-i
ᏍᏓᏓᏙᎵᎦ	sdạ²da²dohl²ga	sdaa2daa2dohl2ga
ᎤᎾᏓᎪᎲᎢ	u¹nạ²da²go²hv²³ɂi	uu1na2daa2goo2hvv23-i
ᎢᎾᏓᏙᎵᎦ	i¹nạ²da²dohl²ga	ii1na2daa2dohl2ga
ᏬᏣᏓᎪᏩᏔ	wo¹jạ²da²go¹wah²ta	woo1ja2daa2goo1wah2ta
ᏕᎦᏓᏚᎳ	de³gạ²dạ²du²³la²	dee3ga2da2duu23la2
ᎢᏓᏓᏙᎵᎦ	i¹dạ²da²dohl²ga	ii1da2daa2dohl2ga
ᎢᏣᏓᏙᎵᎦ	i¹jạ²da²dohl²ga	ii1ja2daa2dohl2ga
ᏙᎦᏓᏚᎳ	do¹gạ²dạ²du²³la²	doo1ga2da2duu23la2
ᏕᏣᏓᎪᎲᎢ	de³jạ²da²go²hv²³ɂi	dee3ja2daa2goo2hvv23-i
ᏚᎾᏓᏚᎳ	du¹nạ²dạ²du²³la²	duu1na2da2duu23la2
ᎩᎾᏓᎪᎲᎢ	gị²nạ²da²go²hv²³ɂi	gi2na2daa2goo2hvv23-i
ᏓᎾᏓᎪᏩᏔ	da¹nạ²da²go¹wah²ta²	daa1naa2daa2goo1wah2ta2
ᏕᎩᎾᏓᏚᎳ	de²gị²nạ²dạ²du²³la²	dee2gi2na2da2duu23la2
ᏕᏍᏓᏓᎪᎲᎢ	de²sdạ²da²go²hv²³ɂi	dee2sdaa2daa2goo2hvv23-i
ᏕᎾᏓᎪᏩᏔ	de³nạ²da²go¹wah²ta²	dee3na2daa2goo1wah2ta2
ᏙᎩᎾᏓᏚᎳ	do¹gị²nạ²dạ²du²³la²	doo1gi2na2da2duu23la2
ᎣᎩᎾᏓᎪᎲᎢ	o¹gị²nạ²da²go²hv²³ɂi	oo1gi2na2daa2goo2hvv23-i
ᏕᏓᏓᎪᏩᏔ	de³dạ²da²go¹wah²ta²	dee3da2daa2goo1wah2ta2
ᏙᏣᏓᎪᏩᏔ	do¹jạ²da²go¹wah²ta²	doo1ja2daa2goo1wah2ta2
ᏬᏍᏓᏓᎪᏩᏔ	wo¹sdạ²da²go¹wah²ta	woo1sda2daa2goo1wah2ta
ᏙᏍᏓᏓᎪᏩᏔ	do¹sdạ²da²go¹wah²ta²	doo1sda2daa2goo1wah2ta2
ᎡᎾ	e¹na²	ee1na2
ᎭᏓ	hạ²da	ha2da
ᎯᏥ	hi²ji	hii2ji
ᏨᏌ	jv²³sa	jvv23sa
ᎤᎩᏍᏗ	u¹gi¹sdi	uu1gii1sdi
ᎬᎪᏩᏔ	gv²go¹wah²ta²	gvv2goo1wah2ta2
ᎦᏓ	gạ²da²	ga2da2
ᏍᏗᎦ	sdi²ga	sdii2ga
ᏚᎬᎢ	du²gv²³ɂi	duu2gvv23-i
ᏍᏉᎵᏍᏗ	sgwo²hlị³sdi	sgwoo2hli3sdi
ᎠᏋᏌ	a¹gwv²³sa	aa1gwvv23sa
ᏥᎪᏩᏔ	ji²go¹wah²ta²	jii2goo1wah2ta2
ᎢᎬᏌ	i¹gv²³sa	ii1gvv23sa
ᏘᎪᏩᏔ	tị²go¹wah²ta	ti2goo1wah2ta
ᎠᎪᎵᏍᏗ	a¹go²li³sdi	aa1goo2lii3sdi
ᎢᏂᎦ	i¹ni²ga	ii1nii2ga
ᎢᏗᎦ	i¹di²ga	ii1dii2ga
ᎣᎬᏌ	o¹gv²³sa	oo1gvv23sa
ᎡᎪᎵᏍᏗ	e¹go²li³sdi	ee1goo2lii3sdi
ᎢᏥᎦ	i¹ji²ga	ii1jii2ga
ᎤᏅᏌ	u¹nv²³sa	uu1nvv23sa
ᎡᏃᎵᏍᏗ	e¹no²li³sdi	ee1noo2lii3sdi
ᏍᏛᎪᏩᏔ	sdv²go¹wah²ta²	sdvv2goo1wah2ta2
ᏩᏂᎦ	wa¹ni²ga	waa1nii2ga
ᎡᏙᎵᏍᏗ	e¹do²li³sdi	ee1doo2lii3sdi
ᎩᏅᏌ	gị²nv²³sa	gi2nvv23sa
ᏬᏥᎦ	wo¹ji²ga	woo1jii2ga
ᏓᎩᎬᎢ	da¹gị²gv²³ɂi	daa1gi2gvv23-i
ᎡᏦᎵᏍᏗ	e¹jo²li³sdi	ee1joo2lii3sdi
ᎣᎩᏅᏌ	o¹gị²nv²³sa	oo1gi2nvv23sa
ᏕᎩᎬᎢ	de³gi²gv²³ɂi	dee3gii2gvv23-i
ᏬᏍᏗᎦ	wo¹sdi²ga	woo1sdii2ga
ᏓᏂᎩᎠ	da¹ni²gị³ɂa	daa1nii2gi3-a
ᏗᏍᏗᎦ	dị²sdi²ga	di2sdii2ga
ᏙᎩᎬᎢ	do¹gi²gv²³ɂi	doo1gii2gvv23-i
ᏚᏂᎬᎢ	du¹ni²gv²³ɂi	duu1nii2gvv23-i
ᏗᏥᎦ	dị²ji²ga	di2jii2ga
ᎡᏦᎵᎦ	e¹johl²ga²	ee1johl2ga2
ᎯᏲᎵᎩ	hi²yo²li¹gi	hii2yoo2lii1gi
ᏕᏣᎬᎢ	de²jạ²gv²³ɂi	dee2ja2gvv23-i
ᎥᏉᎵᏍᏗ	v¹gwo²hlị³sdi	vv1gwoo2hli3sdi
ᏕᏂᎩᎠ	de³ni²gị³ɂa	dee3nii2gi3-a
ᏫᏦᏥᎦ	wị²jo¹ji²ga	wi2joo1jii2ga
ᏕᏗᎩᎠ	de³di²gị³ɂa	dee3dii2gi3-a
ᎨᏃᎵᏍᏗ	ge²no²li³sdi	gee2noo2lii3sdi
ᎨᏙᎵᏍᏗ	ge²do²li³sdi	gee2doo2lii3sdi
ᏕᎩᏂᎬᎢ	de²gị²ni²gv²³ɂi	dee2gi2nii2gvv23-i
ᏫᏦᏍᏗᎦ	wị²jo¹sdi²ga	wi2joo1sdii2ga
ᏫᏗᏥᎦ	wị²dị²jị²ga	wi2di2ji2ga
ᎨᏦᎵᏍᏗ	ge²jo²li³sdi	gee2joo2lii3sdi
ᏙᎩᏂᎬᎢ	do¹gị²ni²gv²³ɂi	doo1gi2nii2gvv23-i
ᎨᎪᎵᎪᎢ	ge²go²li²go³ɂi	gee2goo2lii2goo3-i
ᎨᎪᎵᎦ	ge²gohl²ga²	gee2gohl2ga2
ᎨᏦᎵᎪᎢ	ge²johl²go³ɂi	gee2johl2goo3-i
ᎨᏦᎵᎦ	ge³jo²li¹ga²	gee3joo2lii1ga2
ᎪᎪᎵᎦ	go²gohl²ga²	goo2gohl2ga2
ᎡᏍᏙᎵᏍᏗ	e¹sdo²li³sdi	ee1sdoo2lii3sdi
ᎪᏦᎵᎦ	go²jo²li¹ga²	goo2joo2lii1ga2
ᎬᏉᎵᎦ	gv²gwohl²ga²	gvv2gwohl2ga2
ᎨᏍᏙᎵᏍᏗ	ge²sdo²li³sdi	gee2sdoo2lii3sdi
ᏩᏓᏙᎵᎩ	wa¹da²dohl²gi	waa1daa2dohl2gi
ᏫᏨᏲᎵᎩ	wi¹jv²yo²li¹gi	wii1jvv2yoo2lii1gi
ᏕᎪᎵᎦ	de²gohl²ga	dee2gohl2ga
ᎢᏍᎩᏲᎵᎩ	i¹sgi²yo²li¹gi	ii1sgii2yoo2lii1gi
ᎤᏓᏙᎵᏍᏗ	u¹da²do²hlị³sdi	uu1daa2doo2hli3sdi
ᎦᎯᏲᎵᎩ	gạ²hi²yo²li¹gi	ga2hii2yoo2lii1gi
ᏍᎩᏃᎵᏍᏗ	sgị²no²li³sdi	sgi2noo2lii3sdi
ᎭᏓᏙᎵᎩ	hạ²da²dohl²gi	haa2daa2dohl2gi
ᎡᎩᏃᎵᏍᏗ	e¹gị²no²li³sdi	ee1gi2noo2lii3sdi
ᎦᏥᎪᏩᏔ	gạ²ji²go¹wah²ta²	ga2jii2goo1wah2ta2
ᎪᏍᏙᎵᎦ	go²sdo²li¹ga²	goo2sdoo2lii1ga2
ᏣᏓᏙᎵᏍᏗ	jạ²da²do²hlị³sdi	ja2daa2doo2hli3sdi
ᎠᏆᏓᏙᎵᏍᏗ	a¹gwạ²da²do²hlị³sdi	aa1gwaa2daa2doo2hli3sdi
ᎢᎦᏓᏙᎵᏍᏗ	i¹gạ²da²do²hlị³sdi	ii1ga2daa2doo2hli3sdi
ᏍᏓᏓᏙᎵᎩ	sdạ²da²dohl²gi	sdaa2daa2dohl2gi
ᎣᎦᏓᏙᎵᏍᏗ	o¹gạ²da²do²hlị³sdi	oo1ga2daa2doo2hli3sdi
ᎦᏓᏙᎵᎦ	gạ²da²dohl²ga²	ga2daa2dohl2ga2
ᎤᎾᏓᏙᎵᏍᏗ	u¹nạ²da²do²hlị³sdi	uu1na2daa2doo2hli3sdi
ᏦᎦᏓᏙᎵᏍᏗ	jo¹gạ²da²do²hlị³sdi	joo1ga2daa2doo2hli3sdi
ᎨᎩᏃᎵᎦ	ge²gị²nohl²ga²	gee2gi2nohl2ga2
ᏧᎾᏓᏙᎵᏍᏗ	ju¹nạ²da²do²hlị³sdi	juu1na2daa2doo2hli3sdi
ᎪᎩᏃᎵᎦ	go²gị²nohl²ga²	goo2gi2nohl2ga2
ᎩᎾᏓᏙᎵᏍᏗ	gị²nạ²da²do²hlị³sdi	gi2na2daa2doo2hli3sdi
ᎢᎾᏓᏙᎵᎩ	i¹nạ²da²dohl²gi	ii1na2daa2dohl2gi
ᏗᎦᏓᏚᎳ	dị²gạ²dạ²du²³la	di2ga2da2duu23la
ᎢᏓᏓᏙᎵᎩ	i¹dạ²da²dohl²gi	ii1da2daa2dohl2gi
ᎢᏣᏓᏙᎵᎩ	i¹jạ²da²dohl²gi	ii1ja2daa2dohl2gi
ᎣᎩᎾᏓᏙᎵᏍᏗ	o¹gị²nạ²da²do²hlị³sdi	oo1gi2na2daa2doo2hli3sdi
ᏩᎾᏓᏙᎵᎩ	wa¹nạ²da²dohl²gi	waa1naa2daa2dohl2gi
ᏦᎩᎾᏓᏙᎵᏍᏗ	jo¹gị²nạ²da²do²hlị³sdi	joo1gi2na2daa2doo2hli3sdi
ᏬᏣᏓᏙᎵᎩ	wo¹jạ²da²dohl²gi	woo1ja2daa2dohl2gi
ᏓᎾᏓᏙᎵᎦ	da¹nạ²da²dohl²ga²	daa1naa2daa2dohl2ga2
ᏕᎾᏓᏙᎵᎦ	de³nạ²da²dohl²ga²	dee3na2daa2dohl2ga2
ᏕᏓᏓᏙᎵᎦ	de³dạ²da²dohl²ga²	dee3da2daa2dohl2ga2
ᏙᏣᏓᏙᎵᎦ	do¹jạ²da²dohl²ga²	doo1ja2daa2dohl2ga2
ᏬᏍᏓᏓᏙᎵᎩ	wo¹sdạ²da²dohl²gi	woo1sda2daa2dohl2gi
ᏙᏍᏓᏓᏙᎵᎦ	do¹sdạ²da²dohl²ga²	doo1sda2daa2dohl2ga2
ᏕᏣᏓᎪᏩᏔ	de³jạ²da²go¹wah²ta²	dee3ja2daa2goo1wah2ta2
ᏗᎩᎾᏓᏚᎳ	dị²gị²nạ²dạ²du²³la	di2gi2na2da2duu23la
ᏕᏍᏓᏓᎪᏩᏔ	de²sdạ²da²go¹wah²ta²	dee2sdaa2daa2goo1wah2ta2
ᏥᏥ	ji²ji	jii2ji
ᎤᎬᎢ	u¹gv²³ɂi	uu1gvv23-i
ᎪᎵᎦ	go²li¹ga	goo2lii1ga
ᏚᎮᏍᏗ	du²he³sdi	duu2hee3sdi
ᎮᎾ	he¹na²	hee1na2
ᏍᏗᎭ	sdi²ha	sdii2ha
ᎯᎪᎲᎢ	hi²go²hv²³ɂi	hii2goo2hvv23-i
ᏩᎦ	wạ²ga	wa2ga
ᎢᎾᏓ	i¹nạ²da	ii1na2da
ᏦᎵᎦ	johl²ga	johl2ga
ᎠᏁᎾ	a¹ne¹na²	aa1nee1na2
ᎢᏓᏓ	i¹dạ²da	ii1da2da
ᎢᎩᎰᎢ	i¹gi²ho³ɂi	ii1gii2hoo3-i
ᏍᏉᎵᎦ	sgwohl²ga²	sgwohl2ga2
ᎢᏥᎭ	i¹ji²ha	ii1jii2ha
ᎠᎪᎵᎦ	a¹go²li¹ga²	aa1goo2lii1ga2
ᎣᎩᎰᎢ	o¹gi²ho³ɂi	oo1gii2hoo3-i
ᎤᏂᎰᎢ	u¹ni²ho³ɂi	uu1nii2hoo3-i
ᎣᏤᎾ	o¹je¹na²	oo1jee1na2
ᎠᏉᎵᎦ	a¹gwohl²ga	aa1gwohl2ga
ᏓᎩᎮᏍᏗ	da¹gị²he³sdi	daa1gi2hee3sdi
ᎡᎪᎵᎦ	e¹go²li¹ga²	ee1goo2lii1ga2
ᎣᏍᏕᎾ	o¹sde¹na²	oo1sdee1na2
ᏕᎩᎮᏍᏗ	de³gi²he³sdi	dee3gii2hee3sdi
ᎡᏃᎵᎦ	e¹no²li¹ga²	ee1noo2lii1ga2
ᏙᎩᎮᏍᏗ	do¹gi²he³sdi	doo1gii2hee3sdi
ᎡᏙᎵᎦ	e¹do²li¹ga²	ee1doo2lii1ga2
ᎠᏓᎪᏩᏔ	a¹da²go¹wah²ta²	aa1daa2goo1wah2ta2
ᏚᏂᎮᏍᏗ	du¹ni²he³sdi	duu1nii2hee3sdi
ᏙᏥᎩᏍᎪᎢ	do¹ji²gi³sgo³ɂi	doo1jii2gii3sgoo3-i
ᎡᏦᎵᎦ	e¹jo²li¹ga²	ee1joo2lii1ga2
ᎩᏂᎰᎢ	gị²ni²ho³ɂi	gi2nii2hoo3-i
ᏕᎯᎩᎠ	de²hị²gị³ɂa	dee2hi2gi3-a
ᎡᏦᎵᎪᎢ	e¹johl²go³ɂi	ee1johl2goo3-i
ᏫᏗᎦ	wị²dị²ga	wi2di2ga
ᎢᏨᎪᎲᎢ	i¹jv²go²hv²³ɂi	ii1jvv2goo2hvv23-i
ᏕᏍᏗᎰᎢ	de²sdi²ho³ɂi	dee2sdii2hoo3-i
ᏕᏣᎮᏍᏗ	de²jạ²he³sdi	dee2ja2hee3sdi
ᏕᏥᎩᏍᎪᎢ	de²jị²gi³sgo³ɂi	dee2ji2gii3sgoo3-i
ᎤᏓᏚᎳ	u¹dạ²du²³la²	uu1da2duu23la2
ᏕᏥᎰᎢ	de³ji²ho³ɂi	dee3jii2hoo3-i
ᏕᏂᎩᏍᎪᎢ	de³ni²gi³sgo³ɂi	dee3nii2gii3sgoo3-i
ᎣᎩᏂᎰᎢ	o¹gị²ni²ho³ɂi	oo1gi2nii2hoo3-i
ᎨᎪᎵᏨᎢ	ge²go²li²jv²³ɂi	gee2goo2lii2jvv23-i
ᏕᏗᎩᏍᎪᎢ	de³di²gi³sgo³ɂi	dee3dii2gii3sgoo3-i
ᏕᎩᏂᎮᏍᏗ	de²gị²ni²he³sdi	dee2gi2nii2hee3sdi
ᏙᎩᏂᎮᏍᏗ	do¹gị²ni²he³sdi	doo1gi2nii2hee3sdi
ᏙᏍᏗᎩᏍᎪᎢ	do¹sdi²gi³sgo³ɂi	doo1sdii2gii3sgoo3-i
ᎥᏉᎵᎦ	v¹gwohl²ga²	vv1gwohl2ga2
ᎨᏦᎵᏨᎢ	ge²johl²jv²³ɂi	gee2johl2jvv23-i
ᎨᎪᎵᎪᎢ	ge²gohl²go³ɂi	gee2gohl2goo3-i
ᎨᏃᎵᎦ	ge²no²li¹ga²	gee2noo2lii1ga2
ᎬᏲᎵᏍᏗ	gv²yo²li³sdi	gvv2yoo2lii3sdi
ᎨᏙᎵᎦ	ge²do²li¹ga²	gee2doo2lii1ga2
ᎨᏦᎵᎦ	ge²jo²li¹ga²	gee2joo2lii1ga2
ᏥᏲᎵᏍᏗ	ji²yo²li³sdi	jii2yoo2lii3sdi
ᎨᏦᎵᎪᎢ	ge³jo²li²go³ɂi	gee3joo2lii2goo3-i
ᎪᎪᎵᎪᎢ	go²gohl²go³ɂi	goo2gohl2goo3-i
ᎪᏦᎵᎪᎢ	go²jo²li²go³ɂi	goo2joo2lii2goo3-i
ᎬᏉᎵᎪᎢ	gv²gwohl²go³ɂi	gvv2gwohl2goo3-i
ᏍᏓᏓᏚᎳ	sdạ²dạ²du²³la	sdaa2da2duu23la
ᎢᏍᎩᎪᎲᎢ	i¹sgi²go²hv²³ɂi	ii1sgii2goo2hvv23-i
ᏓᏃᎵᎦ	da¹nohl²ga²	daa1nohl2ga2
ᏍᏛᏲᎵᏍᏗ	sdv²yo²li³sdi	sdvv2yoo2lii3sdi
ᎦᎯᎪᎲᎢ	gạ²hi²go²hv²³ɂi	ga2hii2goo2hvv23-i
ᎡᏍᏙᎵᎦ	e¹sdo²li¹ga²	ee1sdoo2lii1ga2
ᎢᏣᏓᏚᎳ	i¹jạ²dạ²du²³la	ii1ja2da2duu23la
ᎨᏍᏙᎵᎦ	ge²sdo²li¹ga²	gee2sdoo2lii1ga2
ᏣᏓᏚᎳ	jạ²dạ²du²³la²	ja2da2duu23la2
ᎦᏥᏲᎵᏍᏗ	gạ²ji²yo²li³sdi	ga2jii2yoo2lii3sdi
ᎪᏍᏙᎵᎪᎢ	go²sdo²li²go³ɂi	goo2sdoo2lii2goo3-i
ᎠᏆᏓᏚᎳ	a¹gwạ²dạ²du²³la²	aa1gwaa2da2duu23la2
ᏍᎩᏃᎵᎦ	sgị²no²li¹ga²	sgi2noo2lii1ga2
ᎡᎩᏃᎵᎦ	e¹gị²no²li¹ga²	ee1gi2noo2lii1ga2
ᎢᎦᏓᏚᎳ	i¹gạ²dạ²du²³la²	ii1ga2da2duu23la2
ᎭᏓᎪᏩᏔ	hạ²da²go¹wah²ta²	haa2daa2goo1wah2ta2
ᎣᎦᏓᏚᎳ	o¹gạ²dạ²du²³la²	oo1ga2da2duu23la2
ᎦᏓᏙᎵᎪᎢ	gạ²da²dohl²go³ɂi	ga2daa2dohl2goo3-i
ᎤᎾᏓᏚᎳ	u¹nạ²dạ²du²³la²	uu1na2da2duu23la2
ᎨᎩᏃᎵᎪᎢ	ge²gị²nohl²go³ɂi	gee2gi2nohl2goo3-i
ᎪᎩᏃᎵᎪᎢ	go²gị²nohl²go³ɂi	goo2gi2nohl2goo3-i
ᏦᎦᏓᏚᎸᏗ	jo¹gạ²dạ²duhl²di	joo1ga2da2duhl2di
ᎠᎾᏓᎪᏩᏔ	a¹nạ²da²go¹wah²ta²	aa1naa2daa2goo1wah2ta2
ᏕᎦᏓᏚᎵᎭ	de³gạ²dạ²du²lị³ha	dee3ga2da2duu2li3ha
ᏗᎾᏓᎪᏩᏔ	dị²nạ²da²go¹wah²ta	di2na2daa2goo1wah2ta
ᏧᎾᏓᏚᎸᏗ	ju¹nạ²dạ²duhl²di	juu1na2da2duhl2di
ᎢᎾᏓᎪᏩᏔ	i¹nạ²da²go¹wah²ta²	ii1na2daa2goo1wah2ta2
ᏗᏓᏓᎪᏩᏔ	dị²dạ²da²go¹wah²ta	di2da2daa2goo1wah2ta
ᎢᏓᏓᎪᏩᏔ	i¹dạ²da²go¹wah²ta²	ii1da2daa2goo1wah2ta2
ᏓᎾᏓᏙᎵᎪᎢ	da¹nạ²da²dohl²go³ɂi	daa1naa2daa2dohl2goo3-i
ᎩᎾᏓᏚᎳ	gị²nạ²dạ²du²³la²	gi2na2da2duu23la2
ᎣᏣᏓᎪᏩᏔ	o¹jạ²da²go¹wah²ta²	oo1ja2daa2goo1wah2ta2
ᏕᏣᏓᏙᎵᎦ	de³jạ²da²dohl²ga²	dee3ja2daa2dohl2ga2
ᎣᎩᎾᏓᏚᎳ	o¹gị²nạ²dạ²du²³la²	oo1gi2na2da2duu23la2
ᏙᏣᏓᏙᎵᎪᎢ	do¹jạ²da²dohl²go³ɂi	doo1ja2daa2dohl2goo3-i
ᏦᎩᎾᏓᏚᎸᏗ	jo¹gị²nạ²dạ²duhl²di	joo1gi2na2da2duhl2di
ᏕᎩᎾᏓᏚᎵᎭ	de²gị²nạ²dạ²du²lị³ha	dee2gi2na2da2duu2li3ha
ᏕᏍᏓᏓᏙᎵᎦ	de²sdạ²da²dohl²ga²	dee2sdaa2daa2dohl2ga2
ᏙᏍᏓᏓᏙᎵᎪᎢ	do¹sdạ²da²dohl²go³ɂi	doo1sda2daa2dohl2goo3-i
ᎣᏍᏓᏓᎪᏩᏔ	o¹sdạ²da²go¹wah²ta²	oo1sda2daa2goo1wah2ta2
ᎠᏴ	ạ²yv	a2yv
ᎯᎦ	hị²ga	hi2ga
ᎤᎮᏍᏗ	u¹he³sdi	uu1hee3sdi
ᏩᏓ	wạ²da	wa2da
ᏍᏛᏌ	sdv⁴sa	sdvv4sa
ᏚᎲᎢ	du²hv²³ɂi	duu2hvv23-i
ᎯᎪᏩᏔ	hi²go¹wah²ta²	hii2goo1wah2ta2
ᏍᏆᏚᎳ	sgwạ²du²³la	sgwa2duu23la
ᏣᎰᎢ	jạ²ho³ɂi	ja2hoo3-i
ᏥᎦ	jị²ga²	ji2ga2
ᎢᏨᏌ	i¹jv⁴sa	ii1jvv4sa
ᎡᎦᏚᎳ	e¹gạ²du²³la	ee1ga2duu23la
ᎠᏂᎦ	a¹ni²ga²	aa1nii2ga2
ᎢᏁᎾ	i¹ne¹na²	ii1nee1na2
ᎡᎾᏚᎳ	e¹nạ²du²³la	ee1na2duu23la
ᎢᏕᎾ	i¹de¹na²	ii1dee1na2
ᎡᏓᏚᎳ	e¹dạ²du²³la	ee1da2duu23la
ᎠᎪᎵᎪᎢ	a¹go²li²go³ɂi	aa1goo2lii2goo3-i
ᎡᏣᏚᎳ	e¹jạ²du²³la	ee1ja2duu23la
ᎤᎾᏘᏗ	u¹nạt²di	uu1nat2di
ᏓᎩᎲᎢ	da¹gị²hv²³ɂi	daa1gi2hvv23-i
ᎣᏥᎦ	o¹ji²ga²	oo1jii2ga2
ᏕᎩᎲᎢ	de³gi²hv²³ɂi	dee3gii2hvv23-i
ᎨᎾᏚᎳ	ge²nạ²du²³la	gee2na2duu23la
ᏙᎩᎲᎢ	do¹gi²hv²³ɂi	doo1gii2hvv23-i
ᎨᏓᏚᎳ	ge²dạ²du²³la	gee2da2duu23la
ᏚᏂᎲᎢ	du¹ni²hv²³ɂi	duu1nii2hvv23-i
ᎣᏍᏗᎦ	o¹sdi²ga²	oo1sdii2ga2
ᎨᏣᏚᎳ	ge²jạ²du²³la	gee2ja2duu23la
ᏕᎯᎩᏍᎪᎢ	de²hị²gi³sgo³ɂi	dee2hi2gii3sgoo3-i
ᎢᎪᎵᎦ	i¹gohl²ga	ii1gohl2ga
ᏕᏍᏗᎩᎠ	de²sdi²gị³ɂa	dee2sdii2gi3-a
ᏕᏣᎲᎢ	de²jạ²hv²³ɂi	dee2ja2hvv23-i
ᎤᏓᏚᎸᏗ	u¹dạ²duhl²di	uu1da2duhl2di
ᏩᏉᎵᎩ	wa¹gwohl²gi	waa1gwohl2gi
ᎣᎪᎵᎦ	o¹gohl²ga	oo1gohl2ga
ᎨᎦᏚᎳ	ge²gạ²du²³la²	gee2ga2duu23la2
ᏕᏥᎩᎠ	de³ji²gị³ɂa	dee3jii2gi3-a
ᏕᎩᏂᎲᎢ	de²gị²ni²hv²³ɂi	dee2gi2nii2hvv23-i
ᏙᎩᏂᎲᎢ	do¹gị²ni²hv²³ɂi	doo1gi2nii2hvv23-i
ᎢᏨᎪᏩᏔ	i¹jv²go¹wah²ta²	ii1jvv2goo1wah2ta2
ᎥᏉᎵᎪᎢ	v¹gwohl²go³ɂi	vv1gwohl2goo3-i
ᎨᏣᏚᎳ	ge³jạ²du²³la²	gee3ja2duu23la2
ᎡᏣᎪᏩᏔ	e¹jạ²go¹wah²ta	ee1ja2goo1wah2ta
ᎪᎦᏚᎳ	go²gạ²du²³la²	goo2ga2duu23la2
ᎡᏍᏓᏚᎳ	e¹sdạ²du²³la	ee1sda2duu23la
ᎪᏣᏚᎳ	go²jạ²du²³la²	goo2ja2duu23la2
ᎨᏍᏓᏚᎳ	ge²sdạ²du²³la	gee2sda2duu23la
ᎬᏆᏚᎳ	gv²gwạ²du²³la²	gvv2gwa2duu23la2
ᏙᏥᎪᏩᏔ	do¹ji²go¹wah²ta²	doo1jii2goo1wah2ta2
ᎬᏲᎵᎦ	gv²yo²li¹ga²	gvv2yoo2lii1ga2
ᏍᎩᎾᏚᎳ	sgị²nạ²du²³la	sgi2na2duu23la
ᏓᏃᎵᎪᎢ	da¹nohl²go³ɂi	daa1nohl2goo3-i
ᏕᎪᎵᎦ	de²gohl²ga²	dee2gohl2ga2
ᎢᏍᎩᎪᏩᏔ	i¹sgi²go¹wah²ta²	ii1sgii2goo1wah2ta2
ᏥᏲᎵᎦ	ji²yo²li¹ga²	jii2yoo2lii1ga2
ᎡᎩᎾᏚᎳ	e¹gị²nạ²du²³la	ee1gi2na2duu23la
ᎦᎯᎪᏩᏔ	gạ²hi²go¹wah²ta²	ga2hii2goo1wah2ta2
ᎪᏍᏓᏚᎳ	go²sdạ²du²³la²	goo2sda2duu23la2
ᏫᎨᎪᎵᎩ	wị²ge²go²li¹gi	wi2gee2goo2lii1gi
ᎦᏓᎪᏩᏘᎭ	gạ²da²gowh²tị³ha	ga2daa2gowh2ti3ha
ᏣᏓᏚᎸᏗ	jạ²dạ²duhl²di	ja2da2duhl2di
ᎩᏃᎵᎦ	gị²nohl²ga	gi2nohl2ga
ᏫᎨᏦᎵᎩ	wị²ge²johl²gi	wi2gee2johl2gi
ᏍᏛᏲᎵᎦ	sdv²yo²li¹ga²	sdvv2yoo2lii1ga2
ᎠᏓᏙᎵᎦ	a¹da²dohl²ga²	aa1daa2dohl2ga2
ᎠᏆᏓᏚᎸᏗ	a¹gwạ²dạ²duhl²di	aa1gwaa2da2duhl2di
ᎢᎦᏓᏚᎸᏗ	i¹gạ²dạ²duhl²di	ii1ga2da2duhl2di
ᎣᎩᏃᎵᎦ	o¹gị²nohl²ga	oo1gi2nohl2ga
ᎣᎦᏓᏚᎸᏗ	o¹gạ²dạ²duhl²di	oo1ga2da2duhl2di
ᏍᏓᏓᎪᎲᎢ	sdạ²da²go²hv²³ɂi	sdaa2daa2goo2hvv23-i
ᏕᏥᎪᏩᏔ	de²jị²go¹wah²ta²	dee2ji2goo1wah2ta2
ᎦᏥᏲᎵᎦ	gạ²ji²yo²li¹ga²	ga2jii2yoo2lii1ga2
ᏕᏂᎪᏩᏔ	de³ni²go¹wah²ta²	dee3nii2goo1wah2ta2
ᎤᎾᏓᏚᎸᏗ	u¹nạ²dạ²duhl²di	uu1na2da2duhl2di
ᏕᏗᎪᏩᏔ	de³di²go¹wah²ta²	dee3dii2goo1wah2ta2
ᎢᏣᏓᎪᎲᎢ	i¹jạ²da²go²hv²³ɂi	ii1ja2daa2goo2hvv23-i
ᎭᏓᏙᎵᎦ	hạ²da²dohl²ga²	haa2daa2dohl2ga2
ᏙᏍᏗᎪᏩᏔ	do¹sdi²go¹wah²ta²	doo1sdii2goo1wah2ta2
ᏗᎦᏓᏙᎵᏍᏗ	dị²gạ²da²do²hlị³sdi	di2ga2daa2doo2hli3sdi
ᎨᎩᎾᏚᎳ	ge²gị²nạ²du²³la²	gee2gi2na2duu23la2
ᎪᎩᎾᏚᎳ	go²gị²nạ²du²³la²	goo2gi2na2duu23la2
ᎠᎾᏓᏙᎵᎦ	a¹nạ²da²dohl²ga²	aa1naa2daa2dohl2ga2
ᎢᎾᏓᏙᎵᎦ	i¹nạ²da²dohl²ga²	ii1na2daa2dohl2ga2
ᎢᏓᏓᏙᎵᎦ	i¹dạ²da²dohl²ga²	ii1da2daa2dohl2ga2
ᏕᏣᏓᏚᎳ	de³jạ²dạ²du²³la²	dee3ja2da2duu23la2
ᎩᎾᏓᏚᎸᏗ	gị²nạ²dạ²duhl²di	gi2na2da2duhl2di
ᏗᎩᎾᏓᏙᎵᏍᏗ	dị²gị²nạ²da²do²hlị³sdi	di2gi2na2daa2doo2hli3sdi
ᎣᏣᏓᏙᎵᎦ	o¹jạ²da²dohl²ga²	oo1ja2daa2dohl2ga2
ᏗᎾᏓᏙᎵᎩ	dị²nạ²da²dohl²gi	di2na2daa2dohl2gi
ᏙᎦᏓᏚᎵᎭ	do¹gạ²dạ²du²lị³ha	doo1ga2da2duu2li3ha
ᏗᏓᏓᏙᎵᎩ	dị²dạ²da²dohl²gi	di2da2daa2dohl2gi
ᏚᎾᏓᏚᎵᎭ	du¹nạ²dạ²du²lị³ha	duu1na2da2duu2li3ha
ᏕᏍᏓᏓᏚᎳ	de²sdạ²dạ²du²³la²	dee2sdaa2da2duu23la2
ᎣᎩᎾᏓᏚᎸᏗ	o¹gị²nạ²dạ²duhl²di	oo1gi2na2da2duhl2di
ᎣᏍᏓᏓᏙᎵᎦ	o¹sdạ²da²dohl²ga²	oo1sda2daa2dohl2ga2
ᏓᎾᏓᎪᏩᏘᎭ	da¹nạ²da²gowh²tị³ha	daa1naa2daa2gowh2ti3ha
ᏙᎩᎾᏓᏚᎵᎭ	do¹gị²nạ²dạ²du²lị³ha	doo1gi2na2da2duu2li3ha
ᏙᏣᏓᎪᏩᏘᎭ	do¹jạ²da²gowh²tị³ha	doo1ja2daa2gowh2ti3ha
ᏙᏍᏓᏓᎪᏩᏘᎭ	do¹sdạ²da²gowh²tị³ha	doo1sda2daa2gowh2ti3ha
ᎠᎦ	ạ²ga²	a2ga2
ᎯᎠ	hị²ɂa	hi2-a
ᎤᎲᎢ	u¹hv²³ɂi	uu1hvv23-i
ᎦᏗᎭ	gạ²di³ɂa	ga2dii3-a
ᏣᏘᏗ	jạt²di	jat2di
ᏧᎩᏍᏗ	ju²gi¹sdi	juu2gii1sdi
ᎬᎪᏩᏛᏗ	gv²gowh²tvh³di	gvv2gowh2tvh3di
ᎭᏓ	hạ²da²	ha2da2
ᏍᏓᏓ	sdạ²da	sda2da
ᏓᎩᏍᎪᎢ	dạ²gi³sgo³ɂi	da2gii3sgoo3-i
ᏥᎪᏩᏛᏗ	ji²gowh²tvh³di	jii2gowh2tvh3di
ᏍᏉᎵᎪᎢ	sgwohl²go³ɂi	sgwohl2goo3-i
ᎢᏣᏓ	i¹jạ²da	ii1ja2da
ᎡᎩᎪᏩᏔ	e¹gi²go¹wah²ta	ee1gii2goo1wah2ta
ᎢᏂᎦ	i¹ni²ga²	ii1nii2ga2
ᏩᎾᏓ	wa¹nạ²da	waa1na2da
ᎡᏂᎪᏩᏔ	e¹ni²go¹wah²ta	ee1nii2goo1wah2ta
ᎤᏁᏅᏍᏗ	u¹ne²nv¹sdi	uu1nee2nvv1sdi
ᏍᏛᎪᏩᏛᏗ	sdv²gowh²tvh³di	sdvv2gowh2tvh3di
ᎢᏗᎦ	i¹di²ga²	ii1dii2ga2
ᏬᏣᏓ	wo¹jạ²da	woo1ja2da
ᎡᏗᎪᏩᏔ	e¹di²go¹wah²ta	ee1dii2goo1wah2ta
ᎩᎾᏘᏗ	gị²nạt²di	gi2nat2di
ᎡᏥᎪᏩᏔ	e¹ji²go¹wah²ta	ee1jii2goo1wah2ta
ᏦᎩᎩᏍᏗ	jo¹gi²gi¹sdi	joo1gii2gii1sdi
ᏬᏍᏓᏓ	wo¹sdạ²da	woo1sda2da
ᎡᏦᎵᏨᎢ	e¹johl²jv²³ɂi	ee1johl2jvv23-i
ᏧᏂᎩᏍᏗ	ju¹ni²gi¹sdi	juu1nii2gii1sdi
ᎠᎩᎰᎢ	a¹gị²ho³ɂi	aa1gi2hoo3-i
ᎨᏥᎪᏩᏔ	ge²ji²go¹wah²ta	gee2jii2goo1wah2ta
ᏗᎩᎩᏍᏗ	dị²gi²gi¹sdi	di2gii2gii1sdi
ᏩᎦᏚᎳ	wa¹gạ²du²³la	waa1ga2duu23la
ᏕᏍᏗᎬᎢ	de²sdi²gv²³ɂi	dee2sdii2gvv23-i
ᏕᏥᎬᎢ	de³ji²gv²³ɂi	dee3jii2gvv23-i
ᏫᏗᏂᎦ	wị²dị²ni²ga	wi2di2nii2ga
ᏫᎪᎵᎩ	wi¹gohl²gi	wii1gohl2gi
ᎨᎦᏚᎸᏗ	ge²gạ²duhl²di	gee2ga2duhl2di
ᎤᏓᎪᏩᏛᏗ	u¹da²gowh²tvh³di	uu1daa2gowh2tvh3di
ᏦᎩᏂᎩᏍᏗ	jo¹gị²ni²gi¹sdi	joo1gi2nii2gii1sdi
ᏗᎩᏂᎩᏍᏗ	dị²gị²ni²gi¹sdi	di2gi2nii2gii1sdi
ᏬᎪᎵᎩ	wo¹gohl²gi	woo1gohl2gi
ᎡᏍᏗᎪᏩᏔ	e¹sdi²go¹wah²ta	ee1sdii2goo1wah2ta
ᏮᏆᏚᎳ	wv¹gwạ²du²³la	wvv1gwa2duu23la
ᎨᏣᏚᎸᏗ	ge³jạ²duhl²di	gee3ja2duhl2di
ᎪᎦᏚᎸᏗ	go²gạ²duhl²di	goo2ga2duhl2di
ᎨᏃᎵᎪᎢ	ge²no²li²go³ɂi	gee2noo2lii2goo3-i
ᎪᏣᏚᎸᏗ	go²jạ²duhl²di	goo2ja2duhl2di
ᎨᏙᎵᎪᎢ	ge²do²li²go³ɂi	gee2doo2lii2goo3-i
ᎬᏆᏚᎸᏗ	gv²gwạ²duhl²di	gvv2gwa2duhl2di
ᎯᏲᎵᏍᏗ	hi²yo²li³sdi	hii2yoo2lii3sdi
ᏓᎩᎪᎲᎢ	da¹gị²go²hv²³ɂi	daa1gi2goo2hvv23-i
ᎨᏍᏗᎪᏩᏔ	ge²sdi²go¹wah²ta	gee2sdii2goo1wah2ta
ᏕᏣᏚᎳ	de²jạ²du²³la²	dee2ja2duu23la2
ᏙᏥᎪᏩᏘᎭ	do¹ji²gowh²tị³ha	doo1jii2gowh2ti3ha
ᎢᏨᏲᎵᏍᏗ	i¹jv²yo²li³sdi	ii1jvv2yoo2lii3sdi
ᎦᏥᎪᏩᏛᏗ	gạ²ji²gowh²tvh³di	ga2jii2gowh2tvh3di
ᎪᏍᏓᏚᎸᏗ	go²sdạ²duhl²di	goo2sda2duhl2di
ᏍᎩᏂᎪᏩᏔ	sgị²ni²go¹wah²ta	sgi2nii2goo1wah2ta
ᏗᏗᎪᏩᏔ	dị²di²go¹wah²ta	di2dii2goo1wah2ta
ᎢᏍᎩᏲᎵᏍᏗ	i¹sgi²yo²li³sdi	ii1sgii2yoo2lii3sdi
ᏗᏂᎪᏩᏔ	dị³ni²go¹wah²ta	di3nii2goo1wah2ta
ᎨᏣᎪᎲᎢ	ge²jạ²go²hv²³ɂi	gee2ja2goo2hvv23-i
ᎦᎯᏲᎵᏍᏗ	gạ²hi²yo²li³sdi	ga2hii2yoo2lii3sdi
ᎠᏓᏙᎵᎪᎢ	a¹da²dohl²go³ɂi	aa1daa2dohl2goo3-i
ᏣᏓᎪᏩᏛᏗ	jạ²da²gowh²tvh³di	ja2daa2gowh2tvh3di
ᎡᎩᏂᎪᏩᏔ	e¹gị²ni²go¹wah²ta	ee1gi2nii2goo1wah2ta
ᏬᎩᏃᎵᎩ	wo¹gị²nohl²gi	woo1gi2nohl2gi
ᏕᎯᎪᏩᏔ	de²hị²go¹wah²ta²	dee2hi2goo1wah2ta2
ᏕᏥᎪᏩᏘᎭ	de²jị²gowh²tị³ha	dee2ji2gowh2ti3ha
ᎠᏆᏓᎪᏩᏛᏗ	a¹gwạ²da²gowh²tvh³di	aa1gwaa2daa2gowh2tvh3di
ᏫᎨᏥᎪᏩᏔ	wị²ge²ji²go¹wah²ta	wi2gee2jii2goo1wah2ta
ᎢᎦᏓᎪᏩᏛᏗ	i¹gạ²da²gowh²tvh³di	ii1ga2daa2gowh2tvh3di
ᎨᎩᎾᏚᎸᏗ	ge²gị²nạ²duhl²di	gee2gi2na2duhl2di
ᎭᏓᏙᎵᎪᎢ	hạ²da²dohl²go³ɂi	haa2daa2dohl2goo3-i
ᎣᎦᏓᎪᏩᏛᏗ	o¹gạ²da²gowh²tvh³di	oo1ga2daa2gowh2tvh3di
ᏙᏍᏗᎪᏩᏘᎭ	do¹sdi²gowh²tị³ha	doo1sdii2gowh2ti3ha
ᎪᎩᎾᏚᎸᏗ	go²gị²nạ²duhl²di	goo2gi2na2duhl2di
ᏍᏓᏓᎪᏩᏔ	sdạ²da²go¹wah²ta²	sdaa2daa2goo1wah2ta2
ᎠᎾᏓᏙᎵᎪᎢ	a¹nạ²da²dohl²go³ɂi	aa1naa2daa2dohl2goo3-i
ᎤᎾᏓᎪᏩᏛᏗ	u¹nạ²da²gowh²tvh³di	uu1na2daa2gowh2tvh3di
ᎢᎾᏓᏙᎵᎪᎢ	i¹nạ²da²dohl²go³ɂi	ii1na2daa2dohl2goo3-i
ᎢᏓᏓᏙᎵᎪᎢ	i¹dạ²da²dohl²go³ɂi	ii1da2daa2dohl2goo3-i
ᏦᎦᏓᎪᏩᏛᏗ	jo¹gạ²da²gowh²tvh³di	joo1ga2daa2gowh2tvh3di
ᏗᎦᏓᏚᎸᏗ	dị²gạ²dạ²duhl²di	di2ga2da2duhl2di
ᏗᏣᏓᎪᏩᏔ	dị²jạ²da²go¹wah²ta	di2ja2daa2goo1wah2ta
ᎣᏣᏓᏙᎵᎪᎢ	o¹jạ²da²dohl²go³ɂi	oo1ja2daa2dohl2goo3-i
ᎢᏣᏓᎪᏩᏔ	i¹jạ²da²go¹wah²ta²	ii1ja2daa2goo1wah2ta2
ᏫᎦᏓᎪᏩᏔ	wị²gạ²da²go¹wah²ta	wi2ga2daa2goo1wah2ta
ᏧᎾᏓᎪᏩᏛᏗ	ju¹nạ²da²gowh²tvh³di	juu1na2daa2gowh2tvh3di
ᎩᎾᏓᎪᏩᏛᏗ	gị²nạ²da²gowh²tvh³di	gi2na2daa2gowh2tvh3di
ᏕᎾᏓᏙᎵᎪᎢ	de³nạ²da²dohl²go³ɂi	dee3na2daa2dohl2goo3-i
ᏕᏓᏓᏙᎵᎪᎢ	de³dạ²da²dohl²go³ɂi	dee3da2daa2dohl2goo3-i
ᏗᎩᎾᏓᏚᎸᏗ	dị²gị²nạ²dạ²duhl²di	di2gi2na2da2duhl2di
ᎣᏍᏓᏓᏙᎵᎪᎢ	o¹sdạ²da²dohl²go³ɂi	oo1sda2daa2dohl2goo3-i
ᎣᎩᎾᏓᎪᏩᏛᏗ	o¹gị²nạ²da²gowh²tvh³di	oo1gi2na2daa2gowh2tvh3di
ᏦᎩᎾᏓᎪᏩᏛᏗ	jo¹gị²nạ²da²gowh²tvh³di	joo1gi2na2daa2gowh2tvh3di
ᏗᏍᏓᏓᎪᏩᏔ	dị²sdạ²da²go¹wah²ta	di2sdaa2daa2goo1wah2ta
ᏫᏦᏣᏓᎪᏩᏔ	wị²jo¹jạ²da²go¹wah²ta	wi2joo1ja2daa2goo1wah2ta
ᏫᏗᎾᏓᎪᏩᏔ	wị²dị²nạda²go¹wah²ta	wi2di2nadaa2goo1wah2ta
ᏫᏦᏍᏓᏓᎪᏩᏔ	wị²jo¹sdạ²da²go¹wah²ta	wi2joo1sda2daa2goo1wah2ta
ᎠᏓ	ạ²da²	a2da2
ᏂᎯ	nị²hi	ni2hi
ᎤᎸᏍᏗ	u¹lv¹sdi	uu1lvv1sdi
ᏤᏅᏍᏗ	je²nv¹sdi	jee2nvv1sdi
ᎯᎦ	hị²ga²	hi2ga2
ᎨᎪᎢ	ge³gọ³ɂi	gee3go3-i
ᏧᏤᎵᎢ	jụ²je²li⁴ɂi	juu2jee2lii4-i
ᏍᏕᎾ	sde¹na²	sdee1na2
ᎠᏆᏘᏗ	a¹gwạt²di	aa1gwat2di
ᎠᎾᏓ	a¹nạ²da²	aa1na2da2
ᎢᎦᏘᏗ	i¹gạt²di	ii1gat2di
ᎢᎾᏓ	i¹nạ²da²	ii1na2da2
ᎠᎦᏚᎳ	a¹gạ²du²³la²	aa1ga2duu23la2
ᎢᏓᏓ	i¹dạ²da²	ii1da2da2
ᎣᎦᏘᏗ	o¹gạt²di	oo1gat2di
ᎢᏤᎾ	i¹je¹na²	ii1jee1na2
ᏓᎪᏩᏔ	dạ²go¹wah²ta²	da2goo1wah2ta2
ᎤᏂᎩᏍᏗ	u¹ni²gi¹sdi	uu1nii2gii1sdi
ᎣᏣᏓ	o¹jạ²da²	oo1ja2da2
ᎩᏁᏅᏍᏗ	gị²ne²nv¹sdi	gi2nee2nvv1sdi
ᎣᏍᏓᏓ	o¹sdạ²da²	oo1sda2da2
ᎡᎪᎵᎪᎢ	e¹go²li²go³ɂi	ee1goo2lii2goo3-i
ᎣᎩᎾᏘᏗ	o¹gị²nạt²di	oo1gi2nat2di
ᏦᎦᏤᎵᎢ	jo¹gạ²je²li⁴ɂi	joo1gaa2jee2lii4-i
ᎡᏃᎵᎪᎢ	e¹no²li²go³ɂi	ee1noo2lii2goo3-i
ᏓᏂᎩᏍᎪᎢ	da¹ni²gi³sgo³ɂi	daa1nii2gii3sgoo3-i
ᎡᏙᎵᎪᎢ	e¹do²li²go³ɂi	ee1doo2lii2goo3-i
ᎠᏓᎪᏩᏘᎭ	a¹da²gowh²tị³ha	aa1daa2gowh2ti3ha
ᎡᏦᎵᎪᎢ	e¹jo²li²go³ɂi	ee1joo2lii2goo3-i
ᏍᎩᎪᏩᏔ	sgị²go¹wah²ta	sgii2goo1wah2ta
ᏗᏣᏤᎵᎢ	dị²jạ²je²li⁴ɂi	di2jaa2jee2lii4-i
ᏕᏍᏗᎮᏍᏗ	de²sdi²he³sdi	dee2sdii2hee3sdi
ᎤᏓᏚᎵᎭ	u¹dạ²du²lị³ha	uu1da2duu2li3ha
ᏕᏥᎮᏍᏗ	de³ji²he³sdi	dee3jii2hee3sdi
ᎥᏆᏚᎳ	v¹gwạ²du²³la²	vv1gwa2duu23la2
ᏦᎩᎾᏤᎵᎢ	jo¹gị²nạ²je²li⁴ɂi	joo1gi2naa2jee2lii4-i
ᎨᎾᏚᎳ	ge²nạ²du²³la²	gee2na2duu23la2
ᎨᎩᎪᎲᎢ	ge²gi²go²hv²³ɂi	gee2gii2goo2hvv23-i
ᎨᏓᏚᎳ	ge²dạ²du²³la²	gee2da2duu23la2
ᎨᏥᎪᎲᎢ	ge³ji²go²hv²³ɂi	gee3jii2goo2hvv23-i
ᎪᎩᎪᎲᎢ	go²gi²go²hv²³ɂi	goo2gii2goo2hvv23-i
ᎪᏥᎪᎲᎢ	go²ji²go²hv²³ɂi	goo2jii2goo2hvv23-i
ᎨᏦᎵᎪᎢ	ge²jo²li²go³ɂi	gee2joo2lii2goo3-i
ᎬᏉᎵᏨᎢ	gv²gwohl²jv²³ɂi	gvv2gwohl2jvv23-i
ᏓᏆᏚᎳ	da¹gwạ²du²³la²	daa1gwa2duu23la2
ᏧᏃᎵᏍᏗ	ju¹no²hlị³sdi	juu1noo2hli3sdi
ᏕᎦᏚᎳ	de³gạ²du²³la²	dee3ga2duu23la2
ᎡᏣᎪᎲᎢ	e¹jạ²go²hv²³ɂi	ee1ja2goo2hvv23-i
ᎬᏲᎵᎪᎢ	gv²yo²li²go³ɂi	gvv2yoo2lii2goo3-i
ᎯᏲᎵᎦ	hi²yo²li¹ga²	hii2yoo2lii1ga2
ᏥᏲᎵᎪᎢ	ji²yo²li²go³ɂi	jii2yoo2lii2goo3-i
ᎡᏍᏙᎵᎪᎢ	e¹sdo²li²go³ɂi	ee1sdoo2lii2goo3-i
ᎨᏍᏙᎵᎪᎢ	ge²sdo²li²go³ɂi	gee2sdoo2lii2goo3-i
ᏣᏓᏚᎵᎭ	jạ²dạ²du²lị³ha	ja2da2duu2li3ha
ᎪᏍᏗᎪᎲᎢ	go²sdi²go²hv²³ɂi	goo2sdii2goo2hvv23-i
ᏍᏛᏲᎵᎪᎢ	sdv²yo²li²go³ɂi	sdvv2yoo2lii2goo3-i
ᎨᏣᎪᏩᏔ	ge²jạ²go¹wah²ta²	gee2ja2goo1wah2ta2
ᎢᏨᏲᎵᎦ	i¹jv²yo²li¹ga²	ii1jvv2yoo2lii1ga2
ᎠᏆᏓᏚᎵᎭ	a¹gwạ²dạ²du²lị³ha	aa1gwaa2da2duu2li3ha
ᏍᎩᏃᎵᎪᎢ	sgị²no²li²go³ɂi	sgi2noo2lii2goo3-i
ᏍᏓᏓᏙᎵᏍᏗ	sdạ²da²do²hlị³sdi	sdaa2daa2doo2hli3sdi
ᎡᎩᏃᎵᎪᎢ	e¹gị²no²li²go³ɂi	ee1gi2noo2lii2goo3-i
ᎢᎦᏓᏚᎵᎭ	i¹gạ²dạ²du²lị³ha	ii1ga2da2duu2li3ha
ᎢᏍᎩᏲᎵᎦ	i¹sgi²yo²li¹ga²	ii1sgii2yoo2lii1ga2
ᎭᏓᎪᏩᏘᎭ	hạ²da²gowh²tị³ha	haa2daa2gowh2ti3ha
ᏕᎯᎪᏩᏘᎭ	de²hị²gowh²tị³ha	dee2hi2gowh2ti3ha
ᎢᏣᏓᏙᎵᏍᏗ	i¹jạ²da²do²hlị³sdi	ii1ja2daa2doo2hli3sdi
ᎦᎯᏲᎵᎦ	gạ²hi²yo²li¹ga²	ga2hii2yoo2lii1ga2
ᎣᎦᏓᏚᎵᎭ	o¹gạ²dạ²du²lị³ha	oo1ga2da2duu2li3ha
ᎦᏥᏲᎵᎪᎢ	gạ²ji²yo²li²go³ɂi	ga2jii2yoo2lii2goo3-i
ᏕᏂᎪᏩᏘᎭ	de³ni²gowh²tị³ha	dee3nii2gowh2ti3ha
ᎤᎾᏓᏚᎵᎭ	u¹nạ²dạ²du²lị³ha	uu1na2da2duu2li3ha
ᏕᏗᎪᏩᏘᎭ	de³di²gowh²tị³ha	dee3dii2gowh2ti3ha
ᏕᎦᏓᏙᎵᏨᎢ	de³gạ²da²dohl²jv²³ɂi	dee3ga2daa2dohl2jvv23-i
ᏫᏦᏥᎪᏩᏔ	wị²jo¹ji²go¹wah²ta	wi2joo1jii2goo1wah2ta
ᏙᎦᏓᏙᎵᏨᎢ	do¹gạ²da²dohl²jv²³ɂi	doo1ga2daa2dohl2jvv23-i
ᏕᎩᎾᏚᎳ	de²gị²nạ²du²³la²	dee2gi2na2duu23la2
ᎨᎩᏂᎪᎲᎢ	ge²gị²ni²go²hv²³ɂi	gee2gi2nii2goo2hvv23-i
ᎠᎾᏓᎪᏩᏘᎭ	a¹nạ²da²gowh²tị³ha	aa1naa2daa2gowh2ti3ha
ᏚᎾᏓᏙᎵᏨᎢ	du¹nạ²da²dohl²jv²³ɂi	duu1na2daa2dohl2jvv23-i
ᎪᎩᏂᎪᎲᎢ	go²gị²ni²go²hv²³ɂi	goo2gi2nii2goo2hvv23-i
ᎢᎾᏓᎪᏩᏘᎭ	i¹nạ²da²gowh²tị³ha	ii1na2daa2gowh2ti3ha
ᎢᏓᏓᎪᏩᏘᎭ	i¹dạ²da²gowh²tị³ha	ii1da2daa2gowh2ti3ha
ᏕᎩᎾᏓᏙᎵᏨᎢ	de²gị²nạ²da²dohl²jv²³ɂi	dee2gi2na2daa2dohl2jvv23-i
ᏗᏣᏓᏙᎵᎩ	dị²jạ²da²dohl²gi	di2ja2daa2dohl2gi
ᏙᎩᎾᏓᏙᎵᏨᎢ	do¹gị²nạ²da²dohl²jv²³ɂi	doo1gi2na2daa2dohl2jvv23-i
ᎩᎾᏓᏚᎵᎭ	gị²nạ²dạ²du²lị³ha	gi2na2da2duu2li3ha
ᏫᎦᏓᏙᎵᎩ	wị²gạ²da²dohl²gi	wi2ga2daa2dohl2gi
ᎣᏣᏓᎪᏩᏘᎭ	o¹jạ²da²gowh²tị³ha	oo1ja2daa2gowh2ti3ha
ᎣᎩᎾᏓᏚᎵᎭ	o¹gị²nạ²dạ²du²lị³ha	oo1gi2na2da2duu2li3ha
ᏕᎾᏓᎪᏩᏘᎭ	de³nạ²da²gowh²tị³ha	dee3na2daa2gowh2ti3ha
ᏕᏓᏓᎪᏩᏘᎭ	de³dạ²da²gowh²tị³ha	dee3da2daa2gowh2ti3ha
ᏗᏍᏓᏓᏙᎵᎩ	dị²sdạ²da²dohl²gi	di2sdaa2daa2dohl2gi
ᏫᏦᏍᏗᎪᏩᏔ	wị²jo¹sdi²go¹wah²ta	wi2joo1sdii2goo1wah2ta
ᏫᏦᏣᏓᏙᎵᎩ	wị²jo¹jạ²da²dohl²gi	wi2joo1ja2daa2dohl2gi
ᏫᏗᎾᏓᏙᎵᎩ	wị²dị²nạda²dohl²gi	wi2di2nadaa2dohl2gi
ᎣᏍᏓᏓᎪᏩᏘᎭ	o¹sdạ²da²gowh²tị³ha	oo1sda2daa2gowh2ti3ha
ᏫᏦᏍᏓᏓᏙᎵᎩ	wị²jo¹sdạ²da²dohl²gi	wi2joo1sda2daa2dohl2gi
ᏫᏗᏥᎪᏩᏔ	wị²dị²jị²go¹wah²ta	wi2di2ji2goo1wah2ta
ᎪᎵᎦ	go²li¹ga²	goo2lii1ga2
ᏍᏗᏥ	sdi²ji	sdii2ji
ᏦᎵᏍᏗ	jo²hlị³sdi	joo2hli3sdi
ᎬᎪᏩᏘᎭ	gv²gowh²tị³ha	gvv2gowh2ti3ha
ᎪᎵᎦ	gohl²ga	gohl2ga
ᎰᎵᎦ	hohl²ga	hohl2ga
ᏍᏗᎦ	sdi²ga²	sdii2ga2
ᎠᏇᏅᏍᏗ	a¹gwe²nv¹sdi	aa1gwee2nvv1sdi
ᎯᎪᏩᏛᏗ	hi²gowh²tvh³di	hii2gowh2tvh3di
ᏥᎪᏩᏘᎭ	ji²gowh²tị³ha	jii2gowh2ti3ha
ᏍᏆᏚᎳ	sgwạ²du²³la²	sgwa2duu23la2
ᏚᎪᎲᎢ	du²go²hv²³ɂi	duu2goo2hvv23-i
ᎢᎨᏅᏍᏗ	i¹ge²nv¹sdi	ii1gee2nvv1sdi
ᎠᎦᏚᎸᏗ	a¹gạ²duhl²di	aa1ga2duhl2di
ᎣᎨᏅᏍᏗ	o¹ge²nv¹sdi	oo1gee2nvv1sdi
ᏍᏛᎪᏩᏘᎭ	sdv²gowh²tị³ha	sdvv2gowh2ti3ha
ᎤᏩᏌ	ụ²wa⁴sa	uu2waa4sa
ᎠᏃᎵᎦ	a¹nohl²ga	aa1nohl2ga
ᎡᎦᏚᎳ	e¹gạ²du²³la²	ee1ga2duu23la2
ᎤᏂᎬᎢ	u¹ni²gv²³ɂi	uu1nii2gvv23-i
ᎢᏥᎦ	i¹ji²ga²	ii1jii2ga2
ᎡᎾᏚᎳ	e¹nạ²du²³la²	ee1na2duu23la2
ᎡᏓᏚᎳ	e¹dạ²du²³la²	ee1da2duu23la2
ᎣᎩᏁᏅᏍᏗ	o¹gị²ne²nv¹sdi	oo1gi2nee2nvv1sdi
ᎡᏣᏚᎳ	e¹jạ²du²³la²	ee1ja2duu23la2
ᏧᎾᏤᎵᎢ	ju¹nạ²je²li⁴ɂi	juu1naa2jee2lii4-i
ᎩᏂᎩᏍᏗ	gị²ni²gi¹sdi	gi2nii2gii1sdi
ᎠᏓᎪᏩᏘᏍᎪᎢ	a¹da²gowh²ti²³sgọ³ɂi	aa1daa2gowh2tii23sgo3-i
ᏕᏍᏗᎲᎢ	de²sdi²hv²³ɂi	dee2sdii2hvv23-i
ᏗᏣᎩᏍᏗ	dị²jạ²gi¹sdi	di2ja2gii1sdi
ᎢᏨᎪᏩᏛᏗ	i¹jv²gowh²tvh³di	ii1jvv2gowh2tvh3di
ᎢᏃᎵᎦ	i¹nohl²ga	ii1nohl2ga
ᎢᏙᎵᎦ	i¹dohl²ga	ii1dohl2ga
ᏕᏥᎲᎢ	de³ji²hv²³ɂi	dee3jii2hvv23-i
ᏗᎩᎩᏍᏗ	dị¹gị²gi¹sdi	di1gi2gii1sdi
ᎥᏆᏚᎸᏗ	v¹gwạ²duhl²di	vv1gwa2duhl2di
ᎣᏦᎵᎦ	o¹jo²li¹ga	oo1joo2lii1ga
ᎨᎾᏚᎸᏗ	ge²nạ²duhl²di	gee2na2duhl2di
ᎨᏓᏚᎸᏗ	ge²dạ²duhl²di	gee2da2duhl2di
ᎨᏣᏚᎳ	ge²jạ²du²³la²	gee2ja2duu23la2
ᎨᎩᎪᏩᏔ	ge²gi²go¹wah²ta²	gee2gii2goo1wah2ta2
ᎨᏥᎪᏩᏔ	ge³ji²go¹wah²ta²	gee3jii2goo1wah2ta2
ᎪᎩᎪᏩᏔ	go²gi²go¹wah²ta²	goo2gii2goo1wah2ta2
ᏕᎩᎪᎲᎢ	de³gi²go²hv²³ɂi	dee3gii2goo2hvv23-i
ᎪᏥᎪᏩᏔ	go²ji²go¹wah²ta²	goo2jii2goo1wah2ta2
ᏓᏂᎪᏩᏔ	da¹ni²go¹wah²ta²	daa1nii2goo1wah2ta2
ᏙᏥᎪᏩᏘᏍᎪᎢ	do¹ji²gowh²ti²³sgọ³ɂi	doo1jii2gowh2tii23sgo3-i
ᎢᏍᎩᎪᏩᏛᏗ	i¹sgi²gowh²tvh³di	ii1sgii2gowh2tvh3di
ᏙᎦᏚᎳ	do¹gạ²du²³la²	doo1ga2duu23la2
ᎡᏣᎪᏩᏔ	e¹jạ²go¹wah²ta²	ee1ja2goo1wah2ta2
ᎦᎯᎪᏩᏛᏗ	gạ²hi²gowh²tvh³di	ga2hii2gowh2tvh3di
ᎡᏍᏓᏚᎳ	e¹sdạ²du²³la²	ee1sda2duu23la2
ᏕᎪᎵᎪᎢ	de²gohl²go³ɂi	dee2gohl2goo3-i
ᎨᏍᏓᏚᎳ	ge²sdạ²du²³la²	gee2sda2duu23la2
ᎣᏍᏙᎵᎦ	o¹sdo²li¹ga	oo1sdoo2lii1ga
ᎤᏓᏙᎵᏨᎢ	u¹da²dohl²jv²³ɂi	uu1daa2dohl2jvv23-i
ᎨᏣᎪᏩᏛᏗ	ge²jạ²gowh²tvh³di	gee2ja2gowh2tvh3di
ᎦᏓᎪᏩᏘᏍᎪᎢ	gạ²da²gowh²ti²³sgọ³ɂi	ga2daa2gowh2tii23sgo3-i
ᎦᏥᎪᏩᏘᎭ	gạ²ji²gowh²tị³ha	ga2jii2gowh2ti3ha
ᏍᎩᎾᏚᎳ	sgị²nạ²du²³la²	sgi2na2duu23la2
ᏫᎬᏉᎵᎩ	wị²gv²gwohl²gi	wi2gvv2gwohl2gi
ᎪᏍᏗᎪᏩᏔ	go²sdi²go¹wah²ta²	goo2sdii2goo1wah2ta2
ᎡᎩᎾᏚᎳ	e¹gị²nạ²du²³la²	ee1gi2na2duu23la2
ᏣᏓᏙᎵᏨᎢ	jạ²da²dohl²jv²³ɂi	ja2daa2dohl2jvv23-i
ᎭᏓᎪᏩᏘᏍᎪᎢ	hạ²da²gowh²ti²³sgọ³ɂi	haa2daa2gowh2tii23sgo3-i
ᏕᎯᎪᏩᏘᏍᎪᎢ	de²hị²gowh²ti²³sgọ³ɂi	dee2hi2gowh2tii23sgo3-i
ᎠᏆᏓᏙᎵᏨᎢ	a¹gwạ²da²dohl²jv²³ɂi	aa1gwaa2daa2dohl2jvv23-i
ᎢᎦᏓᏙᎵᏨᎢ	i¹gạ²da²dohl²jv²³ɂi	ii1ga2daa2dohl2jvv23-i
ᏕᏥᎪᏩᏘᏍᎪᎢ	de²jị²gowh²ti²³sgọ³ɂi	dee2ji2gowh2tii23sgo3-i
ᏕᏂᎪᏩᏘᏍᎪᎢ	de³ni²gowh²ti²³sgọ³ɂi	dee3nii2gowh2tii23sgo3-i
ᎣᎦᏓᏙᎵᏨᎢ	o¹gạ²da²dohl²jv²³ɂi	oo1ga2daa2dohl2jvv23-i
ᏕᏗᎪᏩᏘᏍᎪᎢ	de³di²gowh²ti²³sgọ³ɂi	dee3dii2gowh2tii23sgo3-i
ᎤᎾᏓᏙᎵᏨᎢ	u¹nạ²da²dohl²jv²³ɂi	uu1na2daa2dohl2jvv23-i
ᏙᏍᏗᎪᏩᏘᏍᎪᎢ	do¹sdi²gowh²ti²³sgọ³ɂi	doo1sdii2gowh2tii23sgo3-i
ᏍᏓᏓᏙᎵᎦ	sdạ²da²dohl²ga²	sdaa2daa2dohl2ga2
ᎠᎾᏓᎪᏩᏘᏍᎪᎢ	a¹nạ²da²gowh²ti²³sgọ³ɂi	aa1naa2daa2gowh2tii23sgo3-i
ᏗᏣᏓᏚᎳ	dị²jạ²dạ²du²³la	di2ja2da2duu23la
ᎩᎾᏓᏙᎵᏨᎢ	gị²nạ²da²dohl²jv²³ɂi	gi2na2daa2dohl2jvv23-i
ᎢᏣᏓᏙᎵᎦ	i¹jạ²da²dohl²ga²	ii1ja2daa2dohl2ga2
ᏕᎩᏂᎪᎲᎢ	de²gị²ni²go²hv²³ɂi	dee2gi2nii2goo2hvv23-i
ᎢᎾᏓᎪᏩᏘᏍᎪᎢ	i¹nạ²da²gowh²ti²³sgọ³ɂi	ii1na2daa2gowh2tii23sgo3-i
ᎣᎩᎾᏓᏙᎵᏨᎢ	o¹gị²nạ²da²dohl²jv²³ɂi	oo1gi2na2daa2dohl2jvv23-i
ᎢᏓᏓᎪᏩᏘᏍᎪᎢ	i¹dạ²da²gowh²ti²³sgọ³ɂi	ii1da2daa2gowh2tii23sgo3-i
ᏙᎩᎾᏚᎳ	do¹gị²nạ²du²³la²	doo1gi2na2duu23la2
ᏗᎦᏓᎪᏩᏛᏗ	dị²gạ²da²gowh²tvh³di	di2ga2daa2gowh2tvh3di
ᎣᏣᏓᎪᏩᏘᏍᎪᎢ	o¹jạ²da²gowh²ti²³sgọ³ɂi	oo1ja2daa2gowh2tii23sgo3-i
ᎨᎩᏂᎪᏩᏔ	ge²gị²ni²go¹wah²ta²	gee2gi2nii2goo1wah2ta2
ᏗᏍᏓᏓᏚᎳ	dị²sdạ²dạ²du²³la	di2sdaa2da2duu23la
ᎪᎩᏂᎪᏩᏔ	go²gị²ni²go¹wah²ta²	goo2gi2nii2goo1wah2ta2
ᏓᎾᏓᎪᏩᏘᏍᎪᎢ	da¹nạ²da²gowh²ti²³sgọ³ɂi	daa1naa2daa2gowh2tii23sgo3-i
ᏕᎾᏓᎪᏩᏘᏍᎪᎢ	de³nạ²da²gowh²ti²³sgọ³ɂi	dee3na2daa2gowh2tii23sgo3-i
ᏫᏦᎦᏓᏚᎳ	wị²jo¹gạ²dạ²du²³la	wi2joo1ga2da2duu23la
ᏕᏓᏓᎪᏩᏘᏍᎪᎢ	de³dạ²da²gowh²ti²³sgọ³ɂi	dee3da2daa2gowh2tii23sgo3-i
ᏗᎩᎾᏓᎪᏩᏛᏗ	dị²gị²nạ²da²gowh²tvh³di	di2gi2na2daa2gowh2tvh3di
ᏫᏧᎾᏓᏚᎳ	wị²ju¹nạ²dạ²du²³la	wi2juu1na2da2duu23la
ᏙᏣᏓᎪᏩᏘᏍᎪᎢ	do¹jạ²da²gowh²ti²³sgọ³ɂi	doo1ja2daa2gowh2tii23sgo3-i
ᎣᏍᏓᏓᎪᏩᏘᏍᎪᎢ	o¹sdạ²da²gowh²ti²³sgọ³ɂi	oo1sda2daa2gowh2tii23sgo3-i
ᏫᏦᎩᎾᏓᏚᎳ	wị²jo¹gị²nạ²dạ²du²³la	wi2joo1gi2na2da2duu23la
ᏙᏍᏓᏓᎪᏩᏘᏍᎪᎢ	do¹sdạ²da²gowh²ti²³sgọ³ɂi	doo1sda2daa2gowh2tii23sgo3-i
ᎠᏗᎭ	ạ²dị²ha	a2di2ha
ᎤᏘᏗ	ut²di	uut2di
ᎰᎵᎩ	hohl²gi	hohl2gi
ᏍᏛᏥ	sdv²ji	sdvv2ji
ᏍᏛᏌ	sdv²³sa	sdvv23sa
ᏚᏚᎳ	du²du²³la²	duu2duu23la2
ᏥᎴᎦ	jịɂ³le¹ga	ji-3lee1ga
ᏦᎵᎦ	johl²ga²	johl2ga2
ᎠᎪᎵᏨᎢ	a¹go²li²jv²³ɂi	aa1goo2lii2jvv23-i
ᏍᏆᏚᎸᏗ	sgwạ²duhl²di	sgwa2duhl2di
ᎢᏨᏌ	i¹jv²³sa	ii1jvv23sa
ᎠᏉᎵᏍᏗ	a¹gwo²hlị³sdi	aa1gwoo2hli3sdi
ᎢᎩᎩᏍᏗ	i¹gi²gi¹sdi	ii1gii2gii1sdi
ᎣᎩᎩᏍᏗ	o¹gi²gi¹sdi	oo1gii2gii1sdi
ᎡᎦᏚᎸᏗ	e¹gạ²duhl²di	ee1ga2duhl2di
ᎤᏂᎮᏍᏗ	u¹ni²he³sdi	uu1nii2hee3sdi
ᏓᎪᏩᏘᎭ	dạ²gowh²tị³ha	da2gowh2ti3ha
ᎢᏃᎵᎩ	i¹nohl²gi	ii1nohl2gi
ᎡᎾᏚᎸᏗ	e¹nạ²duhl²di	ee1na2duhl2di
ᎢᏙᎵᎩ	i¹dohl²gi	ii1dohl2gi
ᎡᏓᏚᎸᏗ	e¹dạ²duhl²di	ee1da2duhl2di
ᎡᏣᏚᎸᏗ	e¹jạ²duhl²di	ee1ja2duhl2di
ᏗᎦᏤᎵᎢ	dị²gạ²je²li⁴ɂi	di2gaa2jee2lii4-i
ᎩᏂᎬᎢ	gị²ni²gv²³ɂi	gi2nii2gvv23-i
ᎯᏯᏚᎳ	hi²yạ²du²³la	hii2ya2duu23la
ᏗᏍᏗᎩᏍᏗ	dị²sdi²gi¹sdi	di2sdii2gii1sdi
ᏗᏆᏤᎵᎢ	dị¹gwạ²je²li⁴ɂi	di1gwaa2jee2lii4-i
ᏩᏃᎵᎩ	wa¹nohl²gi	waa1nohl2gi
ᎥᏉᎵᏨᎢ	v¹gwohl²jv²³ɂi	vv1gwohl2jvv23-i
ᎤᏓᏚᎸᎲᎢ	u¹dạ²du²lv²hv²³ɂi	uu1da2duu2lvv2hvv23-i
ᎣᎩᏂᎩᏍᏗ	o¹gị²ni²gi¹sdi	oo1gi2nii2gii1sdi
ᎨᎪᎵᏨᎢ	ge²gohl²jv²³ɂi	gee2gohl2jvv23-i
ᏗᎩᎾᏤᎵᎢ	dị²gị²nạ²je²li⁴ɂi	di2gi2naa2jee2lii4-i
ᎣᏦᎵᎦ	o¹johl²ga	oo1johl2ga
ᎨᏣᏚᎸᏗ	ge²jạ²duhl²di	gee2ja2duhl2di
ᎨᏦᎵᏨᎢ	ge³jo²li²jv²³ɂi	gee3joo2lii2jvv23-i
ᎪᎪᎵᏨᎢ	go²gohl²jv²³ɂi	goo2gohl2jvv23-i
ᎨᏂᎪᏩᏔ	ge²ni²go¹wah²ta	gee2nii2goo1wah2ta
ᎪᏦᎵᏨᎢ	go²jo²li²jv²³ɂi	goo2joo2lii2jvv23-i
ᎬᏯᏚᎳ	gv²yạ²du²³la²	gvv2ya2duu23la2
ᏗᏣᏚᎳ	dị²jạ²du²³la	di2ja2duu23la
ᎨᏗᎪᏩᏔ	ge²di²go¹wah²ta	gee2dii2goo1wah2ta
ᏙᎩᎪᎲᎢ	do¹gi²go²hv²³ɂi	doo1gii2goo2hvv23-i
ᎡᏣᎪᏩᏛᏗ	e¹jạ²gowh²tvh³di	ee1ja2gowh2tvh3di
ᏕᏣᏚᎳ	de³jạ²du²³la²	dee3ja2duu23la2
ᎡᏍᏓᏚᎸᏗ	e¹sdạ²duhl²di	ee1sda2duhl2di
ᏚᎾᏚᎳ	du¹nạ²du²³la²	duu1na2duu23la2
ᎨᏍᏓᏚᎸᏗ	ge²sdạ²duhl²di	gee2sda2duhl2di
ᏥᏯᏚᎳ	ji²yạ²du²³la²	jii2ya2duu23la2
ᎪᏍᏙᎵᏨᎢ	go²sdo²li²jv²³ɂi	goo2sdoo2lii2jvv23-i
ᎣᏍᏙᎵᎦ	o¹sdohl²ga	oo1sdohl2ga
ᎢᏍᎩᏯᏚᎳ	i¹sgi²yạ²du²³la	ii1sgii2ya2duu23la
ᏍᏛᏯᏚᎳ	sdv²yạ²du²³la²	sdvv2ya2duu23la2
ᎦᎯᏯᏚᎳ	gạ²hi²yạ²du²³la	ga2hii2ya2duu23la
ᏍᎩᎾᏚᎸᏗ	sgị²nạ²duhl²di	sgi2na2duhl2di
ᏣᏓᏚᎸᎲᎢ	jạ²dạ²du²lv²hv²³ɂi	ja2da2duu2lvv2hvv23-i
ᎬᎩᎪᎲᎢ	gv²gi²go²hv²³ɂi	gvv2gii2goo2hvv23-i
ᏫᎨᏣᏚᎳ	wị²ge²jạ²du²³la	wi2gee2ja2duu23la
ᏍᏓᏓᏚᎳ	sdạ²dạ²du²³la²	sdaa2da2duu23la2
ᎢᏨᏲᎵᎪᎢ	i¹jv²yo²li²go³ɂi	ii1jvv2yoo2lii2goo3-i
ᎡᎩᎾᏚᎸᏗ	e¹gị²nạ²duhl²di	ee1gi2na2duhl2di
ᎨᎩᏃᎵᏨᎢ	ge²gị²nohl²jv²³ɂi	gee2gi2nohl2jvv23-i
ᎠᏆᏓᏚᎸᎲᎢ	a¹gwạ²dạ²du²lv²hv²³ɂi	aa1gwaa2da2duu2lvv2hvv23-i
ᎪᎩᏃᎵᏨᎢ	go²gị²nohl²jv²³ɂi	goo2gi2nohl2jvv23-i
ᎢᎦᏓᏚᎸᎲᎢ	i¹gạ²dạ²du²lv²hv²³ɂi	ii1ga2da2duu2lvv2hvv23-i
ᎢᏣᏓᏚᎳ	i¹jạ²dạ²du²³la²	ii1ja2da2duu23la2
ᎣᎦᏓᏚᎸᎲᎢ	o¹gạ²dạ²du²lv²hv²³ɂi	oo1ga2da2duu2lvv2hvv23-i
ᎤᎾᏓᏚᎸᎲᎢ	u¹nạ²dạ²du²lv²hv²³ɂi	uu1na2da2duu2lvv2hvv23-i
ᎦᏥᏯᏚᎳ	gạ²ji²yạ²du²³la²	ga2jii2ya2duu23la2
ᏫᏗᏃᎵᎩ	wị²dị²nohl²gi	wi2di2nohl2gi
ᏕᎦᏓᏚᎸᎲᎢ	de³gạ²dạ²du²lv²hv²³ɂi	dee3ga2da2duu2lvv2hvv23-i
ᏙᎦᏓᏚᎸᎲᎢ	do¹gạ²dạ²du²lv²hv²³ɂi	doo1ga2da2duu2lvv2hvv23-i
ᏚᎾᏓᏚᎸᎲᎢ	du¹nạ²dạ²du²lv²hv²³ɂi	duu1na2da2duu2lvv2hvv23-i
ᏙᎩᏂᎪᎲᎢ	do¹gị²ni²go²hv²³ɂi	doo1gi2nii2goo2hvv23-i
ᎩᎾᏓᏚᎸᎲᎢ	gị²nạ²dạ²du²lv²hv²³ɂi	gi2na2da2duu2lvv2hvv23-i
ᏕᏣᏓᏙᎵᎪᎢ	de³jạ²da²dohl²go³ɂi	dee3ja2daa2dohl2goo3-i
ᎣᎩᎾᏓᏚᎸᎲᎢ	o¹gị²nạ²dạ²du²lv²hv²³ɂi	oo1gi2na2da2duu2lvv2hvv23-i
ᏕᎩᎾᏓᏚᎸᎲᎢ	de²gị²nạ²dạ²du²lv²hv²³ɂi	dee2gi2na2da2duu2lvv2hvv23-i
ᏕᏍᏓᏓᏙᎵᎪᎢ	de²sdạ²da²dohl²go³ɂi	dee2sdaa2daa2dohl2goo3-i
ᏙᎩᎾᏓᏚᎸᎲᎢ	do¹gị²nạ²dạ²du²lv²hv²³ɂi	doo1gi2na2da2duu2lvv2hvv23-i
ᏣᏥ	jạ²ji	ja2ji
ᎡᎪᎢ	e³gọ³ɂi	ee3go3-i
ᎤᏤᎵᎢ	ụ²je²li⁴ɂi	uu2jee2lii4-i
ᏣᏤᎵᎢ	jạ²je²li⁴ɂi	jaa2jee2lii4-i
ᏍᏉᎵᏨᎢ	sgwohl²jv²³ɂi	sgwohl2jvv23-i
ᎭᏗᎭ	hạ²dị²ha	ha2di2ha
ᏍᏓᏓ	sdạ²da²	sda2da2
ᎠᎾᏗᎭ	a¹nạ²dị²ha	aa1na2di2ha
ᎢᎩᎬᎢ	i¹gi²gv²³ɂi	ii1gii2gvv23-i
ᎢᎾᏗᎭ	i¹nạ²dị²ha	ii1na2di2ha
ᎢᏓᏗᎭ	i¹dạ²dị²ha	ii1da2di2ha
ᎣᎩᎬᎢ	o¹gi²gv²³ɂi	oo1gii2gvv23-i
ᎢᏣᏓ	i¹jạ²da²	ii1ja2da2
ᎤᏂᎲᎢ	u¹ni²hv²³ɂi	uu1nii2hvv23-i
ᏫᎨᎾ	wị²ge¹na	wi2gee1na
ᎠᏉᎵᎦ	a¹gwohl²ga²	aa1gwohl2ga2
ᎡᎩᎪᎲᎢ	e¹gi²go²hv²³ɂi	ee1gii2goo2hvv23-i
ᎡᏂᎪᎲᎢ	e¹ni²go²hv²³ɂi	ee1nii2goo2hvv23-i
ᎡᏗᎪᎲᎢ	e¹di²go²hv²³ɂi	ee1dii2goo2hvv23-i
ᎡᏥᎪᎲᎢ	e¹ji²go²hv²³ɂi	ee1jii2goo2hvv23-i
ᎩᏂᎮᏍᏗ	gị²ni²he³sdi	gi2nii2hee3sdi
ᏗᏥᎩᏍᏗ	dị²ji²gi¹sdi	di2jii2gii1sdi
ᎤᏓᏚᎵᏍᎪᎢ	u¹dạ²du²li²³sgọ³ɂi	uu1da2duu2lii23sgo3-i
ᎣᎩᏂᎬᎢ	o¹gị²ni²gv²³ɂi	oo1gi2nii2gvv23-i
ᎨᏃᎵᏨᎢ	ge²no²li²jv²³ɂi	gee2noo2lii2jvv23-i
ᎨᏙᎵᏨᎢ	ge²do²li²jv²³ɂi	gee2doo2lii2jvv23-i
ᎨᏥᎪᎲᎢ	ge²ji²go²hv²³ɂi	gee2jii2goo2hvv23-i
ᏬᏦᎵᎩ	wo¹jo²li¹gi	woo1joo2lii1gi
ᏗᎦᏚᎳ	dị²gạ²du²³la	di2ga2duu23la
ᎬᏯᏚᎸᏗ	gv²yạ²duhl²di	gvv2ya2duhl2di
ᏧᏬᎵᏍᏗ	ju²wo²hlị³sdi	juu2woo2hli3sdi
ᏓᏆᏚᎵᎭ	da¹gwạ²du²lị³ha	daa1gwa2duu2li3ha
ᏚᏂᎪᎲᎢ	du¹ni²go²hv²³ɂi	duu1nii2goo2hvv23-i
ᏥᏯᏚᎸᏗ	ji²yạ²duhl²di	jii2ya2duhl2di
ᏦᎦᏚᎸᏗ	jo¹gạ²duhl²di	joo1ga2duhl2di
ᏬᏍᏙᎵᎩ	wo¹sdo²li¹gi	woo1sdoo2lii1gi
ᏓᏂᎪᏩᏘᎭ	da¹ni²gowh²tị³ha	daa1nii2gowh2ti3ha
ᏩᏥᎪᏩᏔ	wa¹jị²go¹wah²ta	waa1ji2goo1wah2ta
ᎡᏍᏗᎪᎲᎢ	e¹sdi²go²hv²³ɂi	ee1sdii2goo2hvv23-i
ᎯᏲᎵᎪᎢ	hi²yo²li²go³ɂi	hii2yoo2lii2goo3-i
ᏮᎩᎪᏩᏔ	wv¹gị²go¹wah²ta	wvv1gi2goo1wah2ta
ᎡᏣᎪᏩᏘᎭ	e¹jạ²gowh²tị³ha	ee1ja2gowh2ti3ha
ᏫᏨᏯᏚᎳ	wi¹jv²yạ²du²³la	wii1jvv2ya2duu23la
ᏍᏛᏯᏚᎸᏗ	sdv²yạ²duhl²di	sdvv2ya2duhl2di
ᎨᏍᏗᎪᎲᎢ	ge²sdi²go²hv²³ɂi	gee2sdii2goo2hvv23-i
ᏫᎨᎪᎵᎩ	wị²ge²gohl²gi	wi2gee2gohl2gi
ᏕᏍᏓᏚᎳ	de²sdạ²du²³la²	dee2sda2duu23la2
ᏫᎨᏦᎵᎩ	wị²ge³jo²li¹gi	wi2gee3joo2lii1gi
ᏣᏓᏚᎵᏍᎪᎢ	jạ²dạ²du²li²³sgọ³ɂi	ja2da2duu2lii23sgo3-i
ᏫᎪᎪᎵᎩ	wị²go²gohl²gi	wi2goo2gohl2gi
ᏫᏗᎪᏩᏔ	wị²dị²go¹wah²ta	wi2di2goo1wah2ta
ᏍᏓᏓᏚᎸᏗ	sdạ²dạ²duhl²di	sdaa2da2duhl2di
ᏫᎪᏦᎵᎩ	wị²go²jo²li¹gi	wi2goo2joo2lii1gi
ᎨᏣᎪᏩᏘᎭ	ge²jạ²gowh²tị³ha	gee2ja2gowh2ti3ha
ᏕᏣᎪᎲᎢ	de²jạ²go²hv²³ɂi	dee2ja2goo2hvv23-i
ᎠᏆᏓᏚᎵᏍᎪᎢ	a¹gwạ²dạ²du²li²³sgọ³ɂi	aa1gwaa2da2duu2lii23sgo3-i
ᎬᎩᎪᏩᏔ	gv²gi²go¹wah²ta²	gvv2gii2goo1wah2ta2
ᎢᏍᎩᏲᎵᎪᎢ	i¹sgi²yo²li²go³ɂi	ii1sgii2yoo2lii2goo3-i
ᎢᎦᏓᏚᎵᏍᎪᎢ	i¹gạ²dạ²du²li²³sgọ³ɂi	ii1ga2da2duu2lii23sgo3-i
ᎢᏣᏓᏚᎸᏗ	i¹jạ²dạ²duhl²di	ii1ja2da2duhl2di
ᏍᎩᏂᎪᎲᎢ	sgị²ni²go²hv²³ɂi	sgi2nii2goo2hvv23-i
ᎦᎯᏲᎵᎪᎢ	gạ²hi²yo²li²go³ɂi	ga2hii2yoo2lii2goo3-i
ᎣᎦᏓᏚᎵᏍᎪᎢ	o¹gạ²dạ²du²li²³sgọ³ɂi	oo1ga2da2duu2lii23sgo3-i
ᎡᎩᏂᎪᎲᎢ	e¹gị²ni²go²hv²³ɂi	ee1gi2nii2goo2hvv23-i
ᏫᎪᏍᏙᎵᎩ	wị²go²sdo²li¹gi	wi2goo2sdoo2lii1gi
ᎤᎾᏓᏚᎵᏍᎪᎢ	u¹nạ²dạ²du²li²³sgọ³ɂi	uu1na2da2duu2lii23sgo3-i
ᎦᏥᏯᏚᎸᏗ	gạ²ji²yạ²duhl²di	ga2jii2ya2duhl2di
ᏗᎩᎾᏚᎳ	dị²gị²nạ²du²³la	di2gi2na2duu23la
ᏦᎩᎾᏚᎸᏗ	jo¹gị²nạ²duhl²di	joo1gi2na2duhl2di
ᏕᎦᏓᏚᎵᏍᎪᎢ	de³gạ²dạ²du²li²³sgọ³ɂi	dee3ga2da2duu2lii23sgo3-i
ᏕᏣᏓᏚᎵᎭ	de³jạ²dạ²du²lị³ha	dee3ja2da2duu2li3ha
ᏙᎦᏓᏚᎵᏍᎪᎢ	do¹gạ²dạ²du²li²³sgọ³ɂi	doo1ga2da2duu2lii23sgo3-i
ᏚᎾᏓᏚᎵᏍᎪᎢ	du¹nạ²dạ²du²li²³sgọ³ɂi	duu1na2da2duu2lii23sgo3-i
ᎩᎾᏓᏚᎵᏍᎪᎢ	gị²nạ²dạ²du²li²³sgọ³ɂi	gi2na2da2duu2lii23sgo3-i
ᏕᏍᏓᏓᏚᎵᎭ	de²sdạ²dạ²du²lị³ha	dee2sdaa2da2duu2li3ha
ᏫᎨᎩᏃᎵᎩ	wị²ge²gị²nohl²gi	wi2gee2gi2nohl2gi
ᎣᎩᎾᏓᏚᎵᏍᎪᎢ	o¹gị²nạ²dạ²du²li²³sgọ³ɂi	oo1gi2na2da2duu2lii23sgo3-i
ᏫᎪᎩᏃᎵᎩ	wị²go²gị²nohl²gi	wi2goo2gi2nohl2gi
ᏕᎩᎾᏓᏚᎵᏍᎪᎢ	de²gị²nạ²dạ²du²li²³sgọ³ɂi	dee2gi2na2da2duu2lii23sgo3-i
ᏙᎩᎾᏓᏚᎵᏍᎪᎢ	do¹gị²nạ²dạ²du²li²³sgọ³ɂi	doo1gi2na2da2duu2lii23sgo3-i
ᎡᏙᏓ	e²do²da	ee2doo2da
ᎦᎴᎦ	gạɂ³le¹ga	ga-3lee1ga
ᎪᎵᎪᎢ	go²li²go³ɂi	goo2lii2goo3-i
ᎯᎪᏩᏘᎭ	hi²gowh²tị³ha	hii2gowh2ti3ha
ᎮᎪᎢ	he³gọ³ɂi	hee3go3-i
ᏍᏗᎰᎢ	sdi²ho³ɂi	sdii2hoo3-i
ᏧᏚᎸᏗ	ju²duhl²di	juu2duhl2di
ᏣᎩᏍᏗ	jạ²gi¹sdi	ja2gii1sdi
ᎠᏁᎪᎢ	a¹ne³gọ³ɂi	aa1nee3go3-i
ᎢᎩᎮᏍᏗ	i¹gi²he³sdi	ii1gii2hee3sdi
ᎢᏁᎪᎢ	i¹ne³gọ³ɂi	ii1nee3go3-i
ᎢᏥᎰᎢ	i¹ji²ho³ɂi	ii1jii2hoo3-i
ᎠᎦᏚᎵᎭ	a¹gạ²du²lị³ha	aa1ga2duu2li3ha
ᎢᏕᎪᎢ	i¹de³gọ³ɂi	ii1dee3go3-i
ᎣᎩᎮᏍᏗ	o¹gi²he³sdi	oo1gii2hee3sdi
ᎤᏂᎸᏍᏗ	u¹ni²lv¹sdi	uu1nii2lvv1sdi
ᎤᏩᏌ	ụ²wa²³sa	uu2waa23sa
ᎠᎩᎩᏍᏗ	a¹gị²gi¹sdi	aa1gi2gii1sdi
ᎡᎩᎪᏩᏔ	e¹gi²go¹wah²ta²	ee1gii2goo1wah2ta2
ᎩᏂᎲᎢ	gị²ni²hv²³ɂi	gi2nii2hvv23-i
ᎡᏂᎪᏩᏔ	e¹ni²go¹wah²ta²	ee1nii2goo1wah2ta2
ᎡᏗᎪᏩᏔ	e¹di²go¹wah²ta²	ee1dii2goo1wah2ta2
ᏕᏍᏗᎩᏍᎪᎢ	de²sdi²gi³sgo³ɂi	dee2sdii2gii3sgoo3-i
ᎡᏥᎪᏩᏔ	e¹ji²go¹wah²ta²	ee1jii2goo1wah2ta2
ᎣᎩᏂᎮᏍᏗ	o¹gị²ni²he³sdi	oo1gi2nii2hee3sdi
ᎨᎦᏚᎵᎭ	ge²gạ²du²lị³ha	gee2ga2duu2li3ha
ᎨᎾᏚᎵᎭ	ge²nạ²du²lị³ha	gee2na2duu2li3ha
ᎨᏓᏚᎵᎭ	ge²dạ²du²lị³ha	gee2da2duu2li3ha
ᎢᏨᎪᏩᏘᎭ	i¹jv²gowh²tị³ha	ii1jvv2gowh2ti3ha
ᏬᏦᎵᎩ	wo¹johl²gi	woo1johl2gi
ᎨᏣᏚᎵᎭ	ge³jạ²du²lị³ha	gee3ja2duu2li3ha
ᎪᎦᏚᎵᎭ	go²gạ²du²lị³ha	goo2ga2duu2li3ha
ᎨᏥᎪᏩᏔ	ge²ji²go¹wah²ta²	gee2jii2goo1wah2ta2
ᎪᏣᏚᎵᎭ	go²jạ²du²lị³ha	goo2ja2duu2li3ha
ᏍᎩᎪᎲᎢ	sgị²go²hv²³ɂi	sgii2goo2hvv23-i
ᎬᏆᏚᎵᎭ	gv²gwạ²du²lị³ha	gvv2gwa2duu2li3ha
ᎬᏲᎵᏨᎢ	gv²yo²li²jv²³ɂi	gvv2yoo2lii2jvv23-i
ᏕᏣᏚᎵᎭ	de²jạ²du²lị³ha	dee2ja2duu2li3ha
ᏕᎦᏚᎵᎭ	de³gạ²du²lị³ha	dee3ga2duu2li3ha
ᏚᏃᎵᏨᎢ	du¹nohl²jv²³ɂi	duu1nohl2jvv23-i
ᏬᏍᏙᎵᎩ	wo¹sdohl²gi	woo1sdohl2gi
ᏕᏣᏚᎵᎭ	de³jạ²du²lị³ha	dee3ja2duu2li3ha
ᏥᏲᎵᏨᎢ	ji²yo²li²jv²³ɂi	jii2yoo2lii2jvv23-i
ᏙᎦᏚᎵᎭ	do¹gạ²du²lị³ha	doo1ga2duu2li3ha
ᎡᏍᏗᎪᏩᏔ	e¹sdi²go¹wah²ta²	ee1sdii2goo1wah2ta2
ᎡᏣᎪᏩᏘᏍᎪᎢ	e¹jạ²gowh²ti²³sgọ³ɂi	ee1ja2gowh2tii23sgo3-i
ᎥᎩᎪᎲᎢ	v¹gị²go²hv²³ɂi	vv1gi2goo2hvv23-i
ᎢᏍᎩᎪᏩᏘᎭ	i¹sgi²gowh²tị³ha	ii1sgii2gowh2ti3ha
ᏍᏛᏲᎵᏨᎢ	sdv²yo²li²jv²³ɂi	sdvv2yoo2lii2jvv23-i
ᎦᎯᎪᏩᏘᎭ	gạ²hi²gowh²tị³ha	ga2hii2gowh2ti3ha
ᏗᏆᏚᎸᏗ	dị¹gwạ²duhl²di	di1gwa2duhl2di
ᎪᏍᏓᏚᎵᎭ	go²sdạ²du²lị³ha	goo2sda2duu2li3ha
ᎨᏍᏗᎪᏩᏔ	ge²sdi²go¹wah²ta²	gee2sdii2goo1wah2ta2
ᎦᏥᏲᎵᏨᎢ	gạ²ji²yo²li²jv²³ɂi	ga2jii2yoo2lii2jvv23-i
ᏍᏓᏓᎪᏩᏛᏗ	sdạ²da²gowh²tvh³di	sdaa2daa2gowh2tvh3di
ᏫᏗᎪᎵᎩ	wị²dị²gohl²gi	wi2di2gohl2gi
ᎢᏣᏓᎪᏩᏛᏗ	i¹jạ²da²gowh²tvh³di	ii1ja2daa2gowh2tvh3di
ᎨᎩᎾᏚᎵᎭ	ge²gị²nạ²du²lị³ha	gee2gi2na2duu2li3ha
ᏍᎩᏂᎪᏩᏔ	sgị²ni²go¹wah²ta²	sgi2nii2goo1wah2ta2
ᏗᏣᏓᏙᎵᏍᏗ	dị²jạ²da²do²hlị³sdi	di2ja2daa2doo2hli3sdi
ᎪᎩᎾᏚᎵᎭ	go²gị²nạ²du²lị³ha	goo2gi2na2duu2li3ha
ᏗᏍᏓᏓᏙᎵᏍᏗ	dị²sdạ²da²do²hlị³sdi	di2sdaa2daa2doo2hli3sdi
ᏕᎩᎾᏚᎵᎭ	de²gị²nạ²du²lị³ha	dee2gi2na2duu2li3ha
ᎡᎩᏂᎪᏩᏔ	e¹gị²ni²go¹wah²ta²	ee1gi2nii2goo1wah2ta2
ᏙᎩᎾᏚᎵᎭ	do¹gị²nạ²du²lị³ha	doo1gi2na2duu2li3ha
ᏫᎨᏣᎪᏩᏔ	wị²ge²jạ²go¹wah²ta	wi2gee2ja2goo1wah2ta
ᏫᏗᏂᎪᏩᏔ	wị²dị²ni²go¹wah²ta	wi2di2nii2goo1wah2ta
ᎢᎩᏥ	i¹gi²ji	ii1gii2ji
ᎯᎷᎦ	hịɂ²lu¹ga	hi-2luu1ga
ᎪᎵᎦ	gohl²ga²	gohl2ga2
ᏭᏚᎳ	wu²du²³la	wuu2duu23la
ᏚᏚᎵᎭ	du²du²lị³ha	duu2duu2li3ha
ᏣᎬᎢ	jạ²gv²³ɂi	ja2gvv23-i
ᏥᎩᎠ	jị²gị³ɂa	ji2gi3-a
ᎢᎩᎲᎢ	i¹gi²hv²³ɂi	ii1gii2hvv23-i
ᎠᏂᎩᎠ	a¹ni²gị³ɂa	aa1nii2gi3-a
ᏍᏙᎵᎦ	sdohl²ga	sdohl2ga
ᎡᎪᎵᏨᎢ	e¹go²li²jv²³ɂi	ee1goo2lii2jvv23-i
ᎢᏂᎩᎠ	i¹ni²gị³ɂa	ii1nii2gi3-a
ᎣᎩᎲᎢ	o¹gi²hv²³ɂi	oo1gii2hvv23-i
ᎡᏃᎵᏨᎢ	e¹no²li²jv²³ɂi	ee1noo2lii2jvv23-i
ᎢᏗᎩᎠ	i¹di²gị³ɂa	ii1dii2gi3-a
ᎡᏙᎵᏨᎢ	e¹do²li²jv²³ɂi	ee1doo2lii2jvv23-i
ᏓᎪᏩᏘᏍᎪᎢ	dạ²gowh²ti²³sgọ³ɂi	da2gowh2tii23sgo3-i
ᎣᏣᏗᎭ	o¹jạ²dị²ha	oo1ja2di2ha
ᎡᏦᎵᏨᎢ	e¹jo²li²jv²³ɂi	ee1joo2lii2jvv23-i
ᎩᏂᎸᏍᏗ	gị²ni²lv¹sdi	gi2nii2lvv1sdi
ᎣᏍᏓᏗᎭ	o¹sdạ²dị²ha	oo1sda2di2ha
ᎠᎩᎬᎢ	a¹gị²gv²³ɂi	aa1gi2gvv23-i
ᎤᏃᎵᏍᏗ	u¹no²hlị³sdi	uu1noo2hli3sdi
ᎢᏦᎵᎦ	i¹johl²ga	ii1johl2ga
ᎣᎩᏂᎲᎢ	o¹gị²ni²hv²³ɂi	oo1gi2nii2hvv23-i
ᏕᏥᎩᏍᎪᎢ	de³ji²gi³sgo³ɂi	dee3jii2gii3sgoo3-i
ᎨᎩᎪᏩᏛᏗ	ge²gi²gowh²tvh³di	gee2gii2gowh2tvh3di
ᎨᏦᎵᏨᎢ	ge²jo²li²jv²³ɂi	gee2joo2lii2jvv23-i
ᎨᏥᎪᏩᏛᏗ	ge³ji²gowh²tvh³di	gee3jii2gowh2tvh3di
ᎪᎩᎪᏩᏛᏗ	go²gi²gowh²tvh³di	goo2gii2gowh2tvh3di
ᎪᏥᎪᏩᏛᏗ	go²ji²gowh²tvh³di	goo2jii2gowh2tvh3di
ᏦᎩᎪᏩᏛᏗ	jo¹gi²gowh²tvh³di	joo1gii2gowh2tvh3di
ᎯᏯᏚᎳ	hi²yạ²du²³la²	hii2ya2duu23la2
ᏍᎩᎪᏩᏔ	sgị²go¹wah²ta²	sgii2goo1wah2ta2
ᏓᏆᏚᎸᎲᎢ	da¹gwạ²du²lv²hv²³ɂi	daa1gwa2duu2lvv2hvv23-i
ᏓᏂᎪᏩᏘᏍᎪᎢ	da¹ni²gowh²ti²³sgọ³ɂi	daa1nii2gowh2tii23sgo3-i
ᎠᏥᎪᎲᎢ	a¹jị²go²hv²³ɂi	aa1ji2goo2hvv23-i
ᏧᎾᏚᎸᏗ	ju¹nạ²duhl²di	juu1na2duhl2di
ᏫᎬᎪᏩᏔ	wị²gv²go¹wah²ta	wi2gvv2goo1wah2ta
ᏫᏥᎪᏩᏔ	wị²ji²go¹wah²ta	wi2jii2goo1wah2ta
ᎡᏍᏙᎵᏨᎢ	e¹sdo²li²jv²³ɂi	ee1sdoo2lii2jvv23-i
ᎨᏍᏙᎵᏨᎢ	ge²sdo²li²jv²³ɂi	gee2sdoo2lii2jvv23-i
ᎥᎩᎪᏩᏔ	v¹gị²go¹wah²ta²	vv1gi2goo1wah2ta2
ᏗᎦᏚᎸᏗ	dị²gạ²duhl²di	di2ga2duhl2di
ᎨᏂᎪᎲᎢ	ge²ni²go²hv²³ɂi	gee2nii2goo2hvv23-i
ᏗᏣᏚᎸᏗ	dị²jạ²duhl²di	di2ja2duhl2di
ᎨᏗᎪᎲᎢ	ge²di²go²hv²³ɂi	gee2dii2goo2hvv23-i
ᏍᎩᏃᎵᏨᎢ	sgị²no²li²jv²³ɂi	sgi2noo2lii2jvv23-i
ᎡᎩᏃᎵᏨᎢ	e¹gị²no²li²jv²³ɂi	ee1gi2noo2lii2jvv23-i
ᎪᏍᏗᎪᏩᏛᏗ	go²sdi²gowh²tvh³di	goo2sdii2gowh2tvh3di
ᎬᎩᎪᏩᏛᏗ	gv²gi²gowh²tvh³di	gvv2gii2gowh2tvh3di
ᏫᏍᏛᎪᏩᏔ	wị²sdv²go¹wah²ta	wi2sdvv2goo1wah2ta
ᎢᏨᏯᏚᎳ	i¹jv²yạ²du²³la²	ii1jvv2ya2duu23la2
ᎨᏣᎪᏩᏘᏍᎪᎢ	ge²jạ²gowh²ti²³sgọ³ɂi	gee2ja2gowh2tii23sgo3-i
ᏕᏍᏗᎪᎲᎢ	de²sdi²go²hv²³ɂi	dee2sdii2goo2hvv23-i
ᎢᏍᎩᏯᏚᎳ	i¹sgi²yạ²du²³la²	ii1sgii2ya2duu23la2
ᎦᎯᏯᏚᎳ	gạ²hi²yạ²du²³la²	ga2hii2ya2duu23la2
ᏍᏓᏓᏙᎵᎪᎢ	sdạ²da²dohl²go³ɂi	sdaa2daa2dohl2goo3-i
ᎨᎩᏂᎪᏩᏛᏗ	ge²gị²ni²gowh²tvh³di	gee2gi2nii2gowh2tvh3di
ᎪᎩᏂᎪᏩᏛᏗ	go²gị²ni²gowh²tvh³di	goo2gi2nii2gowh2tvh3di
ᎢᏣᏓᏙᎵᎪᎢ	i¹jạ²da²dohl²go³ɂi	ii1ja2daa2dohl2goo3-i
ᏦᎩᏂᎪᏩᏛᏗ	jo¹gị²ni²gowh²tvh³di	joo1gi2nii2gowh2tvh3di
ᏗᎩᎾᏚᎸᏗ	dị²gị²nạ²duhl²di	di2gi2na2duhl2di
ᏗᏣᏓᏚᎸᏗ	dị²jạ²dạ²duhl²di	di2ja2da2duhl2di
ᏫᎦᏥᎪᏩᏔ	wị²gạ²ji²go¹wah²ta	wi2ga2jii2goo1wah2ta
ᏗᏍᏓᏓᏚᎸᏗ	dị²sdạ²dạ²duhl²di	di2sdaa2da2duhl2di
ᎠᎩᎠ	ạ²gị³ɂa	a2gi3-a
ᎢᏥᏥ	i¹ji²ji	ii1jii2ji
ᎤᎪᎲᎢ	u¹go²hv²³ɂi	uu1goo2hvv23-i
ᎯᎴᎦ	hịɂ³le¹ga	hi-3lee1ga
ᏥᎷᎦ	jịɂ²lu¹ga²	ji-2luu1ga2
ᎢᏂᎷᎦ	i¹niɂ²lu¹ga	ii1ni-2luu1ga
ᏍᏙᎵᎩ	sdohl²gi	sdohl2gi
ᎢᏗᎷᎦ	i¹diɂ²lu¹ga	ii1di-2luu1ga
ᏣᎮᏍᏗ	jạ²he³sdi	ja2hee3sdi
ᎢᎩᎸᏍᏗ	i¹gi²lv¹sdi	ii1gii2lvv1sdi
ᏍᏆᏚᎵᎭ	sgwạ²du²lị³ha	sgwa2duu2li3ha
ᎠᏂᎴᎦ	a¹niɂ³le¹ga	aa1ni-3lee1ga
ᏧᎪᏩᏛᏗ	ju²gowh²tvh³di	juu2gowh2tvh3di
ᎣᎩᎸᏍᏗ	o¹gi²lv¹sdi	oo1gii2lvv1sdi
ᎡᎦᏚᎵᎭ	e¹gạ²du²lị³ha	ee1ga2duu2li3ha
ᎣᏤᎪᎢ	o¹je³gọ³ɂi	oo1jee3go3-i
ᎡᎾᏚᎵᎭ	e¹nạ²du²lị³ha	ee1na2duu2li3ha
ᎤᎾᏤᎵᎢ	u¹nạ²je²li⁴ɂi	uu1naa2jee2lii4-i
ᎡᏓᏚᎵᎭ	e¹dạ²du²lị³ha	ee1da2duu2li3ha
ᎣᏍᏕᎪᎢ	o¹sde³gọ³ɂi	oo1sdee3go3-i
ᎣᎩᏂᎸᏍᏗ	o¹gị²ni²lv¹sdi	oo1gi2nii2lvv1sdi
ᎢᏦᎵᎩ	i¹johl²gi	ii1johl2gi
ᎡᏣᏚᎵᎭ	e¹jạ²du²lị³ha	ee1ja2duu2li3ha
ᎠᎩᎮᏍᏗ	a¹gị²he³sdi	aa1gi2hee3sdi
ᎥᏆᏚᎵᎭ	v¹gwạ²du²lị³ha	vv1gwa2duu2li3ha
ᎨᏣᏚᎵᎭ	ge²jạ²du²lị³ha	gee2ja2duu2li3ha
ᎨᎩᎪᏩᏘᎭ	ge²gi²gowh²tị³ha	gee2gii2gowh2ti3ha
ᎨᏥᎪᏩᏘᎭ	ge³ji²gowh²tị³ha	gee3jii2gowh2ti3ha
ᎪᎩᎪᏩᏘᎭ	go²gi²gowh²tị³ha	goo2gii2gowh2ti3ha
ᎯᏯᏚᎸᏗ	hi²yạ²duhl²di	hii2ya2duhl2di
ᎪᏥᎪᏩᏘᎭ	go²ji²gowh²tị³ha	goo2jii2gowh2ti3ha
ᏕᏣᏚᎸᎲᎢ	de²jạ²du²lv²hv²³ɂi	dee2ja2duu2lvv2hvv23-i
ᎠᏥᎪᏩᏔ	a¹jị²go¹wah²ta²	aa1ji2goo1wah2ta2
ᎩᏃᎵᏍᏗ	gị²no²hlị³sdi	gi2noo2hli3sdi
ᏚᎾᏚᎵᎭ	du¹nạ²du²lị³ha	duu1na2duu2li3ha
ᎡᏍᏓᏚᎵᎭ	e¹sdạ²du²lị³ha	ee1sda2duu2li3ha
ᎨᏂᎪᏩᏔ	ge²ni²go¹wah²ta²	gee2nii2goo1wah2ta2
ᎢᏨᏯᏚᎸᏗ	i¹jv²yạ²duhl²di	ii1jvv2ya2duhl2di
ᎨᏗᎪᏩᏔ	ge²di²go¹wah²ta²	gee2dii2goo1wah2ta2
ᏗᎩᎪᏩᏛᏗ	dị²gi²gowh²tvh³di	di2gii2gowh2tvh3di
ᏍᎩᎾᏚᎵᎭ	sgị²nạ²du²lị³ha	sgi2na2duu2li3ha
ᏍᏓᏓᏚᎵᎭ	sdạ²dạ²du²lị³ha	sdaa2da2duu2li3ha
ᏫᎬᏲᎵᎩ	wị²gv²yo²li¹gi	wi2gvv2yoo2lii1gi
ᎪᏍᏗᎪᏩᏘᎭ	go²sdi²gowh²tị³ha	goo2sdii2gowh2ti3ha
ᏕᏥᎪᎲᎢ	de³ji²go²hv²³ɂi	dee3jii2goo2hvv23-i
ᏫᏥᏲᎵᎩ	wị²ji²yo²li¹gi	wi2jii2yoo2lii1gi
ᎡᎩᎾᏚᎵᎭ	e¹gị²nạ²du²lị³ha	ee1gi2na2duu2li3ha
ᏫᎬᏆᏚᎳ	wị²gv²gwạ²du²³la	wi2gvv2gwa2duu23la
ᎢᏍᎩᏯᏚᎸᏗ	i¹sgi²yạ²duhl²di	ii1sgii2ya2duhl2di
ᎢᏣᏓᏚᎵᎭ	i¹jạ²dạ²du²lị³ha	ii1ja2da2duu2li3ha
ᏕᏍᏗᎪᏩᏔ	de²sdi²go¹wah²ta²	dee2sdii2goo1wah2ta2
ᏗᎩᎪᏩᏛᏗ	dị¹gị²gowh²tvh³di	di1gi2gowh2tvh3di
ᏫᎨᏍᏙᎵᎩ	wị²ge²sdo²li¹gi	wi2gee2sdoo2lii1gi
ᏫᏦᎦᏚᎳ	wị²jo¹gạ²du²³la	wi2joo1ga2duu23la
ᎦᎯᏯᏚᎸᏗ	gạ²hi²yạ²duhl²di	ga2hii2ya2duhl2di
ᏫᏍᏛᏲᎵᎩ	wị²sdv²yo²li¹gi	wi2sdvv2yoo2lii1gi
ᏫᎦᏥᏲᎵᎩ	wị²gạ²ji²yo²li¹gi	wi2ga2jii2yoo2lii1gi
ᎨᎩᏂᎪᏩᏘᎭ	ge²gị²ni²gowh²tị³ha	gee2gi2nii2gowh2ti3ha
ᏗᎩᏂᎪᏩᏛᏗ	dị²gị²ni²gowh²tvh³di	di2gi2nii2gowh2tvh3di
ᎪᎩᏂᎪᏩᏘᎭ	go²gị²ni²gowh²tị³ha	goo2gi2nii2gowh2ti3ha
ᏫᏦᎩᎾᏚᎳ	wị²jo¹gị²nạ²du²³la	wi2joo1gi2na2duu23la
ᏕᏣᏓᎪᏩᏘᎭ	de³jạ²da²gowh²tị³ha	dee3ja2daa2gowh2ti3ha
ᏕᏍᏓᏓᎪᏩᏘᎭ	de²sdạ²da²gowh²tị³ha	dee2sdaa2daa2gowh2ti3ha
ᎢᏨᏥ	i¹jv²ji	ii1jvv2ji
ᎦᎷᎦ	gạɂ²lu¹ga²	ga-2luu1ga2
ᎰᎵᎦ	hohl²ga²	hohl2ga2
ᏣᎲᎢ	jạ²hv²³ɂi	ja2hvv23-i
ᏍᏓᏗᎭ	sdạ²dị²ha	sda2di2ha
ᎢᏂᎴᎦ	i¹niɂ³le¹ga	ii1ni-3lee1ga
ᎢᏗᎴᎦ	i¹diɂ³le¹ga	ii1di-3lee1ga
ᎠᏃᎵᎦ	a¹nohl²ga²	aa1nohl2ga2
ᎤᏪᏅᏍᏗ	u¹we²nv¹sdi	uu1wee2nvv1sdi
ᏫᎦᏓ	wị²gạ²da	wi2ga2da
ᎡᎩᎪᏩᏛᏗ	e¹gi²gowh²tvh³di	ee1gii2gowh2tvh3di
ᎣᏥᎩᎠ	o¹ji²gị³ɂa	oo1jii2gi3-a
ᎢᎪᎵᏍᏗ	i¹go²hlị³sdi	ii1goo2hli3sdi
ᎡᏂᎪᏩᏛᏗ	e¹ni²gowh²tvh³di	ee1nii2gowh2tvh3di
ᎡᏗᎪᏩᏛᏗ	e¹di²gowh²tvh³di	ee1dii2gowh2tvh3di
ᎣᎪᎵᏍᏗ	o¹go²hlị³sdi	oo1goo2hli3sdi
ᎡᏥᎪᏩᏛᏗ	e¹ji²gowh²tvh³di	ee1jii2gowh2tvh3di
ᎠᎩᎲᎢ	a¹gị²hv²³ɂi	aa1gi2hvv23-i
ᎣᏍᏗᎩᎠ	o¹sdi²gị³ɂa	oo1sdii2gi3-a
ᏗᏍᏓᏤᎵᎢ	dị²sdạ²je²li⁴ɂi	di2sdaa2jee2lii4-i
ᏫᏦᎵᎩ	wi¹johl²gi	wii1johl2gi
ᏭᎾᏚᎳ	wu¹nạ²du²³la	wuu1na2duu23la
ᎨᏥᎪᏩᏛᏗ	ge²ji²gowh²tvh³di	gee2jii2gowh2tvh3di
ᏍᎩᎪᏩᏛᏗ	sgị²gowh²tvh³di	sgii2gowh2tvh3di
ᎬᏯᏚᎵᎭ	gv²yạ²du²lị³ha	gvv2ya2duu2li3ha
ᏧᏂᎪᏩᏛᏗ	ju¹ni²gowh²tvh³di	juu1nii2gowh2tvh3di
ᎯᏲᎵᏨᎢ	hi²yo²li²jv²³ɂi	hii2yoo2lii2jvv23-i
ᎠᏥᎪᏩᏛᏗ	a¹jị²gowh²tvh³di	aa1ji2gowh2tvh3di
ᏚᏬᎵᏨᎢ	du²wohl²jv²³ɂi	duu2wohl2jvv23-i
ᎡᏍᏗᎪᏩᏛᏗ	e¹sdi²gowh²tvh³di	ee1sdii2gowh2tvh3di
ᏕᎦᏚᎸᎲᎢ	de³gạ²du²lv²hv²³ɂi	dee3ga2duu2lvv2hvv23-i
ᏙᎦᏚᎸᎲᎢ	do¹gạ²du²lv²hv²³ɂi	doo1ga2duu2lvv2hvv23-i
ᎥᎩᎪᏩᏛᏗ	v¹gị²gowh²tvh³di	vv1gi2gowh2tvh3di
ᏥᏯᏚᎵᎭ	ji²yạ²du²lị³ha	jii2ya2duu2li3ha
ᎨᏂᎪᏩᏛᏗ	ge²ni²gowh²tvh³di	gee2nii2gowh2tvh3di
ᎨᏍᏓᏚᎵᎭ	ge²sdạ²du²lị³ha	gee2sda2duu2li3ha
ᎢᏨᏲᎵᏨᎢ	i¹jv²yo²li²jv²³ɂi	ii1jvv2yoo2lii2jvv23-i
ᎨᏗᎪᏩᏛᏗ	ge²di²gowh²tvh³di	gee2dii2gowh2tvh3di
ᎣᎩᏃᎵᏍᏗ	o¹gị²no²hlị³sdi	oo1gi2noo2hli3sdi
ᏍᏛᏯᏚᎵᎭ	sdv²yạ²du²lị³ha	sdvv2ya2duu2li3ha
ᎩᏃᎵᎦ	gị²nohl²ga²	gi2nohl2ga2
ᎢᏍᎩᏲᎵᏨᎢ	i¹sgi²yo²li²jv²³ɂi	ii1sgii2yoo2lii2jvv23-i
ᏫᎨᎦᏚᎳ	wị²ge²gạ²du²³la	wi2gee2ga2duu23la
ᎦᎯᏲᎵᏨᎢ	gạ²hi²yo²li²jv²³ɂi	ga2hii2yoo2lii2jvv23-i
ᏫᎨᏣᏚᎳ	wị²ge³jạ²du²³la	wi2gee3ja2duu23la
ᏍᎩᏂᎪᏩᏛᏗ	sgị²ni²gowh²tvh³di	sgi2nii2gowh2tvh3di
ᏫᎪᎦᏚᎳ	wị²go²gạ²du²³la	wi2goo2ga2duu23la
ᏫᎪᏣᏚᎳ	wị²go²jạ²du²³la	wi2goo2ja2duu23la
ᎬᎩᎪᏩᏘᎭ	gv²gi²gowh²tị³ha	gvv2gii2gowh2ti3ha
ᏗᏣᎪᏩᏛᏗ	dị²jạ²gowh²tvh³di	di2ja2gowh2tvh3di
ᎡᎩᏂᎪᏩᏛᏗ	e¹gị²ni²gowh²tvh³di	ee1gi2nii2gowh2tvh3di
ᏕᏥᎪᏩᏔ	de³ji²go¹wah²ta²	dee3jii2goo1wah2ta2
ᎦᏥᏯᏚᎵᎭ	gạ²ji²yạ²du²lị³ha	ga2jii2ya2duu2li3ha
ᏕᏣᏓᏙᎵᏨᎢ	de³jạ²da²dohl²jv²³ɂi	dee3ja2daa2dohl2jvv23-i
ᏍᏓᏓᎪᏩᏘᎭ	sdạ²da²gowh²tị³ha	sdaa2daa2gowh2ti3ha
ᏕᎩᎾᏚᎸᎲᎢ	de²gị²nạ²du²lv²hv²³ɂi	dee2gi2na2duu2lvv2hvv23-i
ᏕᏍᏓᏓᏙᎵᏨᎢ	de²sdạ²da²dohl²jv²³ɂi	dee2sdaa2daa2dohl2jvv23-i
ᏫᎪᏍᏓᏚᎳ	wị²go²sdạ²du²³la	wi2goo2sda2duu23la
ᎢᏣᏓᎪᏩᏘᎭ	i¹jạ²da²gowh²tị³ha	ii1ja2daa2gowh2ti3ha
ᏙᎩᎾᏚᎸᎲᎢ	do¹gị²nạ²du²lv²hv²³ɂi	doo1gi2na2duu2lvv2hvv23-i
ᏫᏗᏆᏚᎳ	wị²dị¹gwạ²du²³la	wi2di1gwa2duu23la
ᏫᎨᎩᎾᏚᎳ	wị²ge²gị²nạ²du²³la	wi2gee2gi2na2duu23la
ᏫᎪᎩᎾᏚᎳ	wị²go²gị²nạ²du²³la	wi2goo2gi2na2duu23la
ᎣᎩᏥ	o²gi²ji	oo2gii2ji
ᎯᎩᎠ	hị²gị³ɂa	hi2gi3-a
ᎪᎵᎪᎢ	gohl²go³ɂi	gohl2goo3-i
ᏍᏓᏘᏗ	sdạt²di	sdat2di
ᏣᎸᏍᏗ	jạ²lv¹sdi	ja2lvv1sdi
ᏩᏂᎷᎦ	wa¹niɂ²lu¹ga	waa1ni-2luu1ga
ᎠᎦᏚᎸᎲᎢ	a¹gạ²du²lv²hv²³ɂi	aa1ga2duu2lvv2hvv23-i
ᎢᏣᏗᎭ	i¹jạ²dị²ha	ii1ja2di2ha
ᎠᎩᎸᏍᏗ	a¹gị²lv¹sdi	aa1gi2lvv1sdi
ᎣᏥᎴᎦ	o¹jiɂ³le¹ga	oo1ji-3lee1ga
ᎣᏍᏗᎴᎦ	o¹sdiɂ³le¹ga	oo1sdi-3lee1ga
ᎩᎾᏤᎵᎢ	gị²nạ²je²li⁴ɂi	gi2naa2jee2lii4-i
ᎡᎩᎪᏩᏘᎭ	e¹gi²gowh²tị³ha	ee1gii2gowh2ti3ha
ᎡᏂᎪᏩᏘᎭ	e¹ni²gowh²tị³ha	ee1nii2gowh2ti3ha
ᎢᎪᎵᎦ	i¹gohl²ga²	ii1gohl2ga2
ᎤᏬᎵᏍᏗ	u¹wo²hlị³sdi	uu1woo2hli3sdi
ᎡᏗᎪᏩᏘᎭ	e¹di²gowh²tị³ha	ee1dii2gowh2ti3ha
ᏫᏥᎦ	wị²jị²ga	wi2ji2ga
ᎢᏃᎵᎦ	i¹nohl²ga²	ii1nohl2ga2
ᎤᎾᏚᎳ	u¹nạ²du²³la²	uu1na2duu23la2
ᎡᏥᎪᏩᏘᎭ	e¹ji²gowh²tị³ha	ee1jii2gowh2ti3ha
ᎢᏙᎵᎦ	i¹dohl²ga²	ii1dohl2ga2
ᎣᎪᎵᎦ	o¹gohl²ga²	oo1gohl2ga2
ᎨᎾᏚᎸᎲᎢ	ge²nạ²du²lv²hv²³ɂi	gee2na2duu2lvv2hvv23-i
ᎨᏓᏚᎸᎲᎢ	ge²dạ²du²lv²hv²³ɂi	gee2da2duu2lvv2hvv23-i
ᎨᏥᎪᏩᏘᎭ	ge²ji²gowh²tị³ha	gee2jii2gowh2ti3ha
ᎬᏆᏚᎸᎲᎢ	gv²gwạ²du²lv²hv²³ɂi	gvv2gwa2duu2lvv2hvv23-i
ᎯᏯᏚᎵᎭ	hi²yạ²du²lị³ha	hii2ya2duu2li3ha
ᏍᎩᎪᏩᏘᎭ	sgị²gowh²tị³ha	sgii2gowh2ti3ha
ᏓᏆᏚᎵᏍᎪᎢ	da¹gwạ²du²li²³sgọ³ɂi	daa1gwa2duu2lii23sgo3-i
ᏕᏣᏚᎵᏍᎪᎢ	de²jạ²du²li²³sgọ³ɂi	dee2ja2duu2lii23sgo3-i
ᏫᏧᏚᎳ	wị²ju²du²³la	wi2juu2duu23la
ᏕᎦᏚᎵᏍᎪᎢ	de³gạ²du²li²³sgọ³ɂi	dee3ga2duu2lii23sgo3-i
ᏙᎦᏚᎵᏍᎪᎢ	do¹gạ²du²li²³sgọ³ɂi	doo1ga2duu2lii23sgo3-i
ᎡᏍᏗᎪᏩᏘᎭ	e¹sdi²gowh²tị³ha	ee1sdii2gowh2ti3ha
ᏗᏍᏓᏚᎳ	dị²sdạ²du²³la	di2sda2duu23la
ᎥᎩᎪᏩᏘᎭ	v¹gị²gowh²tị³ha	vv1gi2gowh2ti3ha
ᎨᏍᏗᎪᏩᏛᏗ	ge²sdi²gowh²tvh³di	gee2sdii2gowh2tvh3di
ᏗᏥᎪᏩᏔ	dị²ji²go¹wah²ta	di2jii2goo1wah2ta
ᎢᏨᏯᏚᎵᎭ	i¹jv²yạ²du²lị³ha	ii1jvv2ya2duu2li3ha
ᎣᎩᏃᎵᎦ	o¹gị²nohl²ga²	oo1gi2nohl2ga2
ᏫᎬᏯᏚᎳ	wị²gv²yạ²du²³la	wi2gvv2ya2duu23la
ᎢᏍᎩᏯᏚᎵᎭ	i¹sgi²yạ²du²lị³ha	ii1sgii2ya2duu2li3ha
ᏍᏓᏓᏙᎵᏨᎢ	sdạ²da²dohl²jv²³ɂi	sdaa2daa2dohl2jvv23-i
ᏫᏥᏯᏚᎳ	wị²ji²yạ²du²³la	wi2jii2ya2duu23la
ᏫᎨᎩᎪᏩᏔ	wị²ge²gi²go¹wah²ta	wi2gee2gii2goo1wah2ta
ᏫᏧᎾᏚᎳ	wị²ju¹nạ²du²³la	wi2juu1na2duu23la
ᎢᏣᏓᏙᎵᏨᎢ	i¹jạ²da²dohl²jv²³ɂi	ii1ja2daa2dohl2jvv23-i
ᏫᎨᏥᎪᏩᏔ	wị²ge³ji²go¹wah²ta	wi2gee3jii2goo1wah2ta
ᎦᎯᏯᏚᎵᎭ	gạ²hi²yạ²du²lị³ha	ga2hii2ya2duu2li3ha
ᏫᎪᎩᎪᏩᏔ	wị²go²gi²go¹wah²ta	wi2goo2gii2goo1wah2ta
ᏫᎪᏥᎪᏩᏔ	wị²go²ji²go¹wah²ta	wi2goo2jii2goo1wah2ta
ᏍᎩᏂᎪᏩᏘᎭ	sgị²ni²gowh²tị³ha	sgi2nii2gowh2ti3ha
ᏕᎩᎾᏚᎵᏍᎪᎢ	de²gị²nạ²du²li²³sgọ³ɂi	dee2gi2na2duu2lii23sgo3-i
ᎡᎩᏂᎪᏩᏘᎭ	e¹gị²ni²gowh²tị³ha	ee1gi2nii2gowh2ti3ha
ᏙᎩᎾᏚᎵᏍᎪᎢ	do¹gị²nạ²du²li²³sgọ³ɂi	doo1gi2na2duu2lii23sgo3-i
ᏫᏍᏛᏯᏚᎳ	wị²sdv²yạ²du²³la	wi2sdvv2ya2duu23la
ᏫᎦᏥᏯᏚᎳ	wị²gạ²ji²yạ²du²³la	wi2ga2jii2ya2duu23la
ᏗᏣᏓᎪᏩᏛᏗ	dị²jạ²da²gowh²tvh³di	di2ja2daa2gowh2tvh3di
ᏫᎪᏍᏗᎪᏩᏔ	wị²go²sdi²go¹wah²ta	wi2goo2sdii2goo1wah2ta
ᏗᏍᏓᏓᎪᏩᏛᏗ	dị²sdạ²da²gowh²tvh³di	di2sdaa2daa2gowh2tvh3di
ᏫᎨᎩᏂᎪᏩᏔ	wị²ge²gị²ni²go¹wah²ta	wi2gee2gi2nii2goo1wah2ta
ᏫᎪᎩᏂᎪᏩᏔ	wị²go²gị²ni²go¹wah²ta	wi2goo2gi2nii2goo1wah2ta
ᎤᏂᏥ	u²ni²ji	uu2nii2ji
ᏣᏚᎳ	jạ²du²³la	ja2duu23la
ᎤᏲᏏᎭ	u¹yo³sị²ha	uu1yoo3si2ha
ᎦᎴᎪᎢ	gạɂ³le¹go³ɂi	ga-3lee1goo3-i
ᎯᎷᎦ	hịɂ²lu¹ga²	hi-2luu1ga2
ᏍᏕᏅᏍᏗ	sde²nv¹sdi	sdee2nvv1sdi
ᏚᏚᎸᎲᎢ	du²du²lv²hv²³ɂi	duu2duu2lvv2hvv23-i
ᏥᎴᎪᎢ	jịɂ³le¹go³ɂi	ji-3lee1goo3-i
ᏍᏆᏚᎸᎲᎢ	sgwạ²du²lv²hv²³ɂi	sgwa2duu2lvv2hvv23-i
ᎠᏂᎷᎦ	a¹niɂ²lu¹ga²	aa1ni-2luu1ga2
ᎠᏆᏤᎵᎢ	a¹gwạ²je²li⁴ɂi	aa1gwaa2jee2lii4-i
ᎢᏣᏘᏗ	i¹jạt²di	ii1jat2di
ᎢᎦᏤᎵᎢ	i¹gạ²je²li⁴ɂi	ii1gaa2jee2lii4-i
ᎣᎦᏤᎵᎢ	o¹gạ²je²li⁴ɂi	oo1gaa2jee2lii4-i
ᎡᎦᏚᎸᎲᎢ	e¹gạ²du²lv²hv²³ɂi	ee1ga2duu2lvv2hvv23-i
ᎡᎾᏚᎸᎲᎢ	e¹nạ²du²lv²hv²³ɂi	ee1na2duu2lvv2hvv23-i
ᎢᏂᎪᏩᏔ	i¹ni²go¹wah²ta	ii1nii2goo1wah2ta
ᎡᏓᏚᎸᎲᎢ	e¹dạ²du²lv²hv²³ɂi	ee1da2duu2lvv2hvv23-i
ᎢᏗᎪᏩᏔ	i¹di²go¹wah²ta	ii1dii2goo1wah2ta
ᎡᏣᏚᎸᎲᎢ	e¹jạ²du²lv²hv²³ɂi	ee1ja2duu2lvv2hvv23-i
ᎣᏦᎵᏍᏗ	o¹jo²li³sdi	oo1joo2lii3sdi
ᎤᎾᏚᎸᏗ	u¹nạ²duhl²di	uu1na2duhl2di
ᎣᎩᎾᏤᎵᎢ	o¹gị²nạ²je²li⁴ɂi	oo1gi2naa2jee2lii4-i
ᎥᏆᏚᎸᎲᎢ	v¹gwạ²du²lv²hv²³ɂi	vv1gwa2duu2lvv2hvv23-i
ᎨᎦᏚᎸᎲᎢ	ge²gạ²du²lv²hv²³ɂi	gee2ga2duu2lvv2hvv23-i
ᎨᏣᏚᎸᎲᎢ	ge²jạ²du²lv²hv²³ɂi	gee2ja2duu2lvv2hvv23-i
ᎨᏣᏚᎸᎲᎢ	ge³jạ²du²lv²hv²³ɂi	gee3ja2duu2lvv2hvv23-i
ᎪᎦᏚᎸᎲᎢ	go²gạ²du²lv²hv²³ɂi	goo2ga2duu2lvv2hvv23-i
ᎪᏣᏚᎸᎲᎢ	go²jạ²du²lv²hv²³ɂi	goo2ja2duu2lvv2hvv23-i
ᎩᎾᏚᎳ	gị²nạ²du²³la	gi2na2duu23la
ᎬᏯᏚᎸᎲᎢ	gv²yạ²du²lv²hv²³ɂi	gvv2ya2duu2lvv2hvv23-i
ᎯᏯᏚᎸᎲᎢ	hi²yạ²du²lv²hv²³ɂi	hii2ya2duu2lvv2hvv23-i
ᎣᏍᏙᎵᏍᏗ	o¹sdo²li³sdi	oo1sdoo2lii3sdi
ᏕᏣᏚᎸᎲᎢ	de³jạ²du²lv²hv²³ɂi	dee3ja2duu2lvv2hvv23-i
ᎠᏥᎪᏩᏘᎭ	a¹jị²gowh²tị³ha	aa1ji2gowh2ti3ha
ᏚᎾᏚᎸᎲᎢ	du¹nạ²du²lv²hv²³ɂi	duu1na2duu2lvv2hvv23-i
ᏥᏯᏚᎸᎲᎢ	ji²yạ²du²lv²hv²³ɂi	jii2ya2duu2lvv2hvv23-i
ᎡᏍᏓᏚᎸᎲᎢ	e¹sdạ²du²lv²hv²³ɂi	ee1sda2duu2lvv2hvv23-i
ᏗᏍᏗᎪᏩᏔ	dị²sdi²go¹wah²ta	di2sdii2goo1wah2ta
ᎪᏍᏓᏚᎸᎲᎢ	go²sdạ²du²lv²hv²³ɂi	goo2sda2duu2lvv2hvv23-i
ᏍᏛᏯᏚᎸᎲᎢ	sdv²yạ²du²lv²hv²³ɂi	sdvv2ya2duu2lvv2hvv23-i
ᎨᏂᎪᏩᏘᎭ	ge²ni²gowh²tị³ha	gee2nii2gowh2ti3ha
ᎨᏍᏗᎪᏩᏘᎭ	ge²sdi²gowh²tị³ha	gee2sdii2gowh2ti3ha
ᎨᏗᎪᏩᏘᎭ	ge²di²gowh²tị³ha	gee2dii2gowh2ti3ha
ᎢᏨᏯᏚᎸᎲᎢ	i¹jv²yạ²du²lv²hv²³ɂi	ii1jvv2ya2duu2lvv2hvv23-i
ᏍᎩᎾᏚᎸᎲᎢ	sgị²nạ²du²lv²hv²³ɂi	sgi2na2duu2lvv2hvv23-i
ᏍᏓᏓᏚᎸᎲᎢ	sdạ²dạ²du²lv²hv²³ɂi	sdaa2da2duu2lvv2hvv23-i
ᎡᎩᎾᏚᎸᎲᎢ	e¹gị²nạ²du²lv²hv²³ɂi	ee1gi2na2duu2lvv2hvv23-i
ᎢᏍᎩᏯᏚᎸᎲᎢ	i¹sgi²yạ²du²lv²hv²³ɂi	ii1sgii2ya2duu2lvv2hvv23-i
ᎢᏣᏓᏚᎸᎲᎢ	i¹jạ²dạ²du²lv²hv²³ɂi	ii1ja2da2duu2lvv2hvv23-i
ᎦᎯᏯᏚᎸᎲᎢ	gạ²hi²yạ²du²lv²hv²³ɂi	ga2hii2ya2duu2lvv2hvv23-i
ᎦᏥᏯᏚᎸᎲᎢ	gạ²ji²yạ²du²lv²hv²³ɂi	ga2jii2ya2duu2lvv2hvv23-i
ᎨᎩᎾᏚᎸᎲᎢ	ge²gị²nạ²du²lv²hv²³ɂi	gee2gi2na2duu2lvv2hvv23-i
ᎪᎩᎾᏚᎸᎲᎢ	go²gị²nạ²du²lv²hv²³ɂi	goo2gi2na2duu2lvv2hvv23-i
ᏕᏣᏓᏚᎸᎲᎢ	de³jạ²dạ²du²lv²hv²³ɂi	dee3ja2da2duu2lvv2hvv23-i
ᏕᏍᏓᏓᏚᎸᎲᎢ	de²sdạ²dạ²du²lv²hv²³ɂi	dee2sdaa2da2duu2lvv2hvv23-i
ᏫᎬᎩᎪᏩᏔ	wị²gv²gi²go¹wah²ta	wi2gvv2gii2goo1wah2ta
ᎤᏙᏓ	u²do²da	uu2doo2da
ᎤᏚᎳ	u²du²³la²	uu2duu23la2
ᎬᎪᏩᏘᏍᎪᎢ	gv²gowh²ti²³sgọ³ɂi	gvv2gowh2tii23sgo3-i
ᏚᏚᎵᏍᎪᎢ	du²du²li²³sgọ³ɂi	duu2duu2lii23sgo3-i
ᎯᎪᏩᏘᏍᎪᎢ	hi²gowh²ti²³sgọ³ɂi	hii2gowh2tii23sgo3-i
ᎰᎵᎪᎢ	hohl²go³ɂi	hohl2goo3-i
ᏥᎪᏩᏘᏍᎪᎢ	ji²gowh²ti²³sgọ³ɂi	jii2gowh2tii23sgo3-i
ᏍᏕᎪᎢ	sde³gọ³ɂi	sdee3go3-i
ᏦᎵᎪᎢ	johl²go³ɂi	johl2goo3-i
ᏍᏆᏚᎵᏍᎪᎢ	sgwạ²du²li²³sgọ³ɂi	sgwa2duu2lii23sgo3-i
ᏩᎪᏩᏔ	wạ²go¹wah²ta	wa2goo1wah2ta
ᎢᏤᏅᏍᏗ	i¹je²nv¹sdi	ii1jee2nvv1sdi
ᎢᏂᎷᎦ	i¹niɂ²lu¹ga²	ii1ni-2luu1ga2
ᎠᎦᏚᎵᏍᎪᎢ	a¹gạ²du²li²³sgọ³ɂi	aa1ga2duu2lii23sgo3-i
ᎢᏗᎷᎦ	i¹diɂ²lu¹ga²	ii1di-2luu1ga2
ᎤᏁᏅᏒᎢ	u¹ne²nv³sv²³ɂi	uu1nee2nvv3svv23-i
ᏍᏛᎪᏩᏘᏍᎪᎢ	sdv²gowh²ti²³sgọ³ɂi	sdvv2gowh2tii23sgo3-i
ᎠᏃᎵᎪᎢ	a¹nohl²go³ɂi	aa1nohl2goo3-i
ᎡᎦᏚᎵᏍᎪᎢ	e¹gạ²du²li²³sgọ³ɂi	ee1ga2duu2lii23sgo3-i
ᎢᎦᏚᎳ	i¹gạ²du²³la	ii1ga2duu23la
ᎠᏉᎵᎪᎢ	a¹gwohl²go³ɂi	aa1gwohl2goo3-i
ᎡᎾᏚᎵᏍᎪᎢ	e¹nạ²du²li²³sgọ³ɂi	ee1na2duu2lii23sgo3-i
ᎡᏓᏚᎵᏍᎪᎢ	e¹dạ²du²li²³sgọ³ɂi	ee1da2duu2lii23sgo3-i
ᎡᏣᏚᎵᏍᎪᎢ	e¹jạ²du²li²³sgọ³ɂi	ee1ja2duu2lii23sgo3-i
ᎥᏆᏚᎵᏍᎪᎢ	v¹gwạ²du²li²³sgọ³ɂi	vv1gwa2duu2lii23sgo3-i
ᎣᎪᎵᎪᎢ	o¹gohl²go³ɂi	oo1gohl2goo3-i
ᎨᎦᏚᎵᏍᎪᎢ	ge²gạ²du²li²³sgọ³ɂi	gee2ga2duu2lii23sgo3-i
ᎣᏦᎵᎦ	o¹jo²li¹ga²	oo1joo2lii1ga2
ᎨᎾᏚᎵᏍᎪᎢ	ge²nạ²du²li²³sgọ³ɂi	gee2na2duu2lii23sgo3-i
ᎨᏓᏚᎵᏍᎪᎢ	ge²dạ²du²li²³sgọ³ɂi	gee2da2duu2lii23sgo3-i
ᎢᏨᎪᏩᏘᏍᎪᎢ	i¹jv²gowh²ti²³sgọ³ɂi	ii1jvv2gowh2tii23sgo3-i
ᎨᏣᏚᎵᏍᎪᎢ	ge²jạ²du²li²³sgọ³ɂi	gee2ja2duu2lii23sgo3-i
ᎨᏣᏚᎵᏍᎪᎢ	ge³jạ²du²li²³sgọ³ɂi	gee3ja2duu2lii23sgo3-i
ᎪᎦᏚᎵᏍᎪᎢ	go²gạ²du²li²³sgọ³ɂi	goo2ga2duu2lii23sgo3-i
ᎪᏣᏚᎵᏍᎪᎢ	go²jạ²du²li²³sgọ³ɂi	goo2ja2duu2lii23sgo3-i
ᎬᏆᏚᎵᏍᎪᎢ	gv²gwạ²du²li²³sgọ³ɂi	gvv2gwa2duu2lii23sgo3-i
ᏫᎪᎵᎩ	wị²go²li¹gi	wi2goo2lii1gi
ᏚᎾᏚᎵᏍᎪᎢ	du¹nạ²du²li²³sgọ³ɂi	duu1na2duu2lii23sgo3-i
ᎡᏍᏓᏚᎵᏍᎪᎢ	e¹sdạ²du²li²³sgọ³ɂi	ee1sda2duu2lii23sgo3-i
ᎢᏍᎩᎪᏩᏘᏍᎪᎢ	i¹sgi²gowh²ti²³sgọ³ɂi	ii1sgii2gowh2tii23sgo3-i
ᎣᏍᏙᎵᎦ	o¹sdo²li¹ga²	oo1sdoo2lii1ga2
ᎦᎯᎪᏩᏘᏍᎪᎢ	gạ²hi²gowh²ti²³sgọ³ɂi	ga2hii2gowh2tii23sgo3-i
ᎪᏍᏓᏚᎵᏍᎪᎢ	go²sdạ²du²li²³sgọ³ɂi	goo2sda2duu2lii23sgo3-i
ᎦᏥᎪᏩᏘᏍᎪᎢ	gạ²ji²gowh²ti²³sgọ³ɂi	ga2jii2gowh2tii23sgo3-i
ᎩᏃᎵᎪᎢ	gị²nohl²go³ɂi	gi2nohl2goo3-i
ᏕᏍᏓᏚᎵᎭ	de²sdạ²du²lị³ha	dee2sda2duu2li3ha
ᏍᎩᎾᏚᎵᏍᎪᎢ	sgị²nạ²du²li²³sgọ³ɂi	sgi2na2duu2lii23sgo3-i
ᏍᏓᏓᏚᎵᏍᎪᎢ	sdạ²dạ²du²li²³sgọ³ɂi	sdaa2da2duu2lii23sgo3-i
ᎡᎩᎾᏚᎵᏍᎪᎢ	e¹gị²nạ²du²li²³sgọ³ɂi	ee1gi2na2duu2lii23sgo3-i
ᎣᎩᏃᎵᎪᎢ	o¹gị²nohl²go³ɂi	oo1gi2nohl2goo3-i
ᎢᏣᏓᏚᎵᏍᎪᎢ	i¹jạ²dạ²du²li²³sgọ³ɂi	ii1ja2da2duu2lii23sgo3-i
ᏕᏥᎪᏩᏘᎭ	de³ji²gowh²tị³ha	dee3jii2gowh2ti3ha
ᎨᎩᎾᏚᎵᏍᎪᎢ	ge²gị²nạ²du²li²³sgọ³ɂi	gee2gi2na2duu2lii23sgo3-i
ᎪᎩᎾᏚᎵᏍᎪᎢ	go²gị²nạ²du²li²³sgọ³ɂi	goo2gi2na2duu2lii23sgo3-i
ᏫᎨᏍᏓᏚᎳ	wị²ge²sdạ²du²³la	wi2gee2sda2duu23la
ᏕᏣᏓᏚᎵᏍᎪᎢ	de³jạ²dạ²du²li²³sgọ³ɂi	dee3ja2da2duu2lii23sgo3-i
ᏕᏍᏓᏓᏚᎵᏍᎪᎢ	de²sdạ²dạ²du²li²³sgọ³ɂi	dee2sdaa2da2duu2lii23sgo3-i
ᎦᎯᏥ	gạ²hi²ji	ga2hii2ji
ᎤᏚᎸᏗ	u²duhl²di	uu2duhl2di
ᎯᎪᏩᏔ	hị²go¹wah²ta	hi2goo1wah2ta
ᏣᏚᎳ	jạ²du²³la²	ja2duu23la2
ᏍᏗᎩᏍᏗ	sdi²gi¹sdi	sdii2gii1sdi
ᏥᎩᏍᎪᎢ	jị²gi³sgo³ɂi	ji2gii3sgoo3-i
ᎢᏤᎪᎢ	i¹je³gọ³ɂi	ii1jee3go3-i
ᎡᎩᎪᏩᏘᏍᎪᎢ	e¹gi²gowh²ti²³sgọ³ɂi	ee1gii2gowh2tii23sgo3-i
ᎡᏂᎪᏩᏘᏍᎪᎢ	e¹ni²gowh²ti²³sgọ³ɂi	ee1nii2gowh2tii23sgo3-i
ᎢᎪᎵᎪᎢ	i¹gohl²go³ɂi	ii1gohl2goo3-i
ᏩᏂᎪᏩᏔ	wa¹ni²go¹wah²ta	waa1nii2goo1wah2ta
ᎡᏗᎪᏩᏘᏍᎪᎢ	e¹di²gowh²ti²³sgọ³ɂi	ee1dii2gowh2tii23sgo3-i
ᏩᏆᏚᎳ	wa¹gwạ²du²³la	waa1gwa2duu23la
ᎢᏃᎵᎪᎢ	i¹nohl²go³ɂi	ii1nohl2goo3-i
ᎡᏥᎪᏩᏘᏍᎪᎢ	e¹ji²gowh²ti²³sgọ³ɂi	ee1jii2gowh2tii23sgo3-i
ᎢᏙᎵᎪᎢ	i¹dohl²go³ɂi	ii1dohl2goo3-i
ᎤᏂᎪᎲᎢ	u¹ni²go²hv²³ɂi	uu1nii2goo2hvv23-i
ᏬᎦᏚᎳ	wo¹gạ²du²³la	woo1ga2duu23la
ᎣᏦᎵᎦ	o¹johl²ga²	oo1johl2ga2
ᎨᎩᎪᏩᏘᏍᎪᎢ	ge²gi²gowh²ti²³sgọ³ɂi	gee2gii2gowh2tii23sgo3-i
ᎨᏥᎪᏩᏘᏍᎪᎢ	ge²ji²gowh²ti²³sgọ³ɂi	gee2jii2gowh2tii23sgo3-i
ᎨᏥᎪᏩᏘᏍᎪᎢ	ge³ji²gowh²ti²³sgọ³ɂi	gee3jii2gowh2tii23sgo3-i
ᎬᏯᏚᎵᏍᎪᎢ	gv²yạ²du²li²³sgọ³ɂi	gvv2ya2duu2lii23sgo3-i
ᎪᎩᎪᏩᏘᏍᎪᎢ	go²gi²gowh²ti²³sgọ³ɂi	goo2gii2gowh2tii23sgo3-i
ᏫᎪᎵᎩ	wị²gohl²gi	wi2gohl2gi
ᎯᏯᏚᎵᏍᎪᎢ	hi²yạ²du²li²³sgọ³ɂi	hii2ya2duu2lii23sgo3-i
ᎪᏥᎪᏩᏘᏍᎪᎢ	go²ji²gowh²ti²³sgọ³ɂi	goo2jii2gowh2tii23sgo3-i
ᏍᎩᎪᏩᏘᏍᎪᎢ	sgị²gowh²ti²³sgọ³ɂi	sgii2gowh2tii23sgo3-i
ᎠᏥᎪᏩᏘᏍᎪᎢ	a¹jị²gowh²ti²³sgọ³ɂi	aa1ji2gowh2tii23sgo3-i
ᎡᏍᏗᎪᏩᏘᏍᎪᎢ	e¹sdi²gowh²ti²³sgọ³ɂi	ee1sdii2gowh2tii23sgo3-i
ᏥᏯᏚᎵᏍᎪᎢ	ji²yạ²du²li²³sgọ³ɂi	jii2ya2duu2lii23sgo3-i
ᎥᎩᎪᏩᏘᏍᎪᎢ	v¹gị²gowh²ti²³sgọ³ɂi	vv1gi2gowh2tii23sgo3-i
ᎩᎾᏚᎳ	gị²nạ²du²³la²	gi2na2duu23la2
ᎣᏍᏙᎵᎦ	o¹sdohl²ga²	oo1sdohl2ga2
ᏍᏛᏯᏚᎵᏍᎪᎢ	sdv²yạ²du²li²³sgọ³ɂi	sdvv2ya2duu2lii23sgo3-i
ᎨᏂᎪᏩᏘᏍᎪᎢ	ge²ni²gowh²ti²³sgọ³ɂi	gee2nii2gowh2tii23sgo3-i
ᎢᏨᏯᏚᎵᏍᎪᎢ	i¹jv²yạ²du²li²³sgọ³ɂi	ii1jvv2ya2duu2lii23sgo3-i
ᎨᏗᎪᏩᏘᏍᎪᎢ	ge²di²gowh²ti²³sgọ³ɂi	gee2dii2gowh2tii23sgo3-i
ᏗᏍᏓᏚᎸᏗ	dị²sdạ²duhl²di	di2sda2duhl2di
ᎪᏍᏗᎪᏩᏘᏍᎪᎢ	go²sdi²gowh²ti²³sgọ³ɂi	goo2sdii2gowh2tii23sgo3-i
ᎬᎩᎪᏩᏘᏍᎪᎢ	gv²gi²gowh²ti²³sgọ³ɂi	gvv2gii2gowh2tii23sgo3-i
ᏗᏥᎪᏩᏛᏗ	dị²ji²gowh²tvh³di	di2jii2gowh2tvh3di
ᎢᏍᎩᏯᏚᎵᏍᎪᎢ	i¹sgi²yạ²du²li²³sgọ³ɂi	ii1sgii2ya2duu2lii23sgo3-i
ᏬᎩᎾᏚᎳ	wo¹gị²nạ²du²³la	woo1gi2na2duu23la
ᎦᎯᏯᏚᎵᏍᎪᎢ	gạ²hi²yạ²du²li²³sgọ³ɂi	ga2hii2ya2duu2lii23sgo3-i
ᎦᏥᏯᏚᎵᏍᎪᎢ	gạ²ji²yạ²du²li²³sgọ³ɂi	ga2jii2ya2duu2lii23sgo3-i
ᏍᎩᏂᎪᏩᏘᏍᎪᎢ	sgị²ni²gowh²ti²³sgọ³ɂi	sgi2nii2gowh2tii23sgo3-i
ᏍᏓᏓᎪᏩᏘᏍᎪᎢ	sdạ²da²gowh²ti²³sgọ³ɂi	sdaa2daa2gowh2tii23sgo3-i
ᎡᎩᏂᎪᏩᏘᏍᎪᎢ	e¹gị²ni²gowh²ti²³sgọ³ɂi	ee1gi2nii2gowh2tii23sgo3-i
ᎢᏣᏓᎪᏩᏘᏍᎪᎢ	i¹jạ²da²gowh²ti²³sgọ³ɂi	ii1ja2daa2gowh2tii23sgo3-i
ᏫᎨᏍᏗᎪᏩᏔ	wị²ge²sdi²go¹wah²ta	wi2gee2sdii2goo1wah2ta
ᎨᎩᏂᎪᏩᏘᏍᎪᎢ	ge²gị²ni²gowh²ti²³sgọ³ɂi	gee2gi2nii2gowh2tii23sgo3-i
ᎪᎩᏂᎪᏩᏘᏍᎪᎢ	go²gị²ni²gowh²ti²³sgọ³ɂi	goo2gi2nii2gowh2tii23sgo3-i
ᏕᏣᏓᎪᏩᏘᏍᎪᎢ	de³jạ²da²gowh²ti²³sgọ³ɂi	dee3ja2daa2gowh2tii23sgo3-i
ᏕᏍᏓᏓᎪᏩᏘᏍᎪᎢ	de²sdạ²da²gowh²ti²³sgọ³ɂi	dee2sdaa2daa2gowh2tii23sgo3-i
ᎬᏙᏓ	gv²do²da	gvv2doo2da
ᏭᏲᏏᏌ	wu¹yo¹si²³sa	wuu1yoo1sii23sa
ᎠᎩᏍᎪᎢ	ạ²gi³sgo³ɂi	a2gii3sgoo3-i
ᎯᎴᎪᎢ	hịɂ³le¹go³ɂi	hi-3lee1goo3-i
ᏣᏚᎸᏗ	jạ²duhl²di	ja2duhl2di
ᏍᏗᎩᎠ	sdi²gị³ɂa	sdii2gi3-a
ᎢᏥᎩᏍᏗ	i¹ji²gi¹sdi	ii1jii2gii1sdi
ᎠᏂᎩᏍᎪᎢ	a¹ni²gi³sgo³ɂi	aa1nii2gii3sgoo3-i
ᎠᏆᏚᎳ	a¹gwạ²du²³la²	aa1gwa2duu23la2
ᏬᏥᎷᎦ	wo¹jiɂ²lu¹ga	woo1ji-2luu1ga
ᎢᏂᎩᏍᎪᎢ	i¹ni²gi³sgo³ɂi	ii1nii2gii3sgoo3-i
ᎢᏗᎩᏍᎪᎢ	i¹di²gi³sgo³ɂi	ii1dii2gii3sgoo3-i
ᏥᎪᏩᏔ	jị²go¹wah²ta²	ji2goo1wah2ta2
ᏬᏍᏗᎷᎦ	wo¹sdiɂ²lu¹ga	woo1sdi-2luu1ga
ᎤᏃᎵᏨᎢ	u¹nohl²jv²³ɂi	uu1nohl2jvv23-i
ᏫᎦᏚᎳ	wi¹gạ²du²³la	wii1ga2duu23la
ᏬᎩᎪᏩᏔ	wo¹gi²go¹wah²ta	woo1gii2goo1wah2ta
ᏕᏣᏚᎵᏍᎪᎢ	de³jạ²du²li²³sgọ³ɂi	dee3ja2duu2lii23sgo3-i
ᎩᎾᏚᎸᏗ	gị²nạ²duhl²di	gi2na2duhl2di
ᎨᏍᏓᏚᎸᎲᎢ	ge²sdạ²du²lv²hv²³ɂi	gee2sda2duu2lvv2hvv23-i
ᏕᏍᏗᎪᏩᏘᎭ	de²sdi²gowh²tị³ha	dee2sdii2gowh2ti3ha
ᏬᎩᏂᎪᏩᏔ	wo¹gị²ni²go¹wah²ta	woo1gi2nii2goo1wah2ta
ᎯᏙᏓ	hi²do²da	hii2doo2da
ᏤᏅᏒᎢ	je²nv³sv²³ɂi	jee2nvv3svv23-i
ᎤᎪᏩᏛᏗ	u¹gowh²tvh³di	uu1gowh2tvh3di
ᎯᎩᏍᎪᎢ	hị²gi³sgo³ɂi	hi2gii3sgoo3-i
ᏍᏗᎬᎢ	sdi²gv²³ɂi	sdii2gvv23-i
ᎠᎪᏩᏔ	ạ²go¹wah²ta²	a2goo1wah2ta2
ᏚᏂᏲᏏᎭ	du¹ni²yo³sị²ha	duu1nii2yoo3si2ha
ᎠᏆᏚᎸᏗ	a¹gwạ²duhl²di	aa1gwa2duhl2di
ᎢᏥᎩᎠ	i¹ji²gị³ɂa	ii1jii2gi3-a
ᎣᏥᎷᎦ	o¹jiɂ²lu¹ga²	oo1ji-2luu1ga2
ᏫᏥᎷᎦ	wị²jịɂ²lu¹ga	wi2ji-2luu1ga
ᎩᏁᏅᏒᎢ	gị²ne²nv³sv²³ɂi	gi2nee2nvv3svv23-i
ᎣᏍᏗᎷᎦ	o¹sdiɂ²lu¹ga²	oo1sdi-2luu1ga2
ᎠᏂᎪᏩᏔ	a¹ni²go¹wah²ta²	aa1nii2goo1wah2ta2
ᎣᎦᏚᎳ	o¹gạ²du²³la²	oo1ga2duu23la2
ᏫᎩᎪᏩᏔ	wi¹gi²go¹wah²ta	wii1gii2goo1wah2ta
ᎢᏂᎪᏩᏔ	i¹ni²go¹wah²ta²	ii1nii2goo1wah2ta2
ᎢᏗᎪᏩᏔ	i¹di²go¹wah²ta²	ii1dii2goo1wah2ta2
ᎨᏍᏓᏚᎵᏍᎪᎢ	ge²sdạ²du²li²³sgọ³ɂi	gee2sda2duu2lii23sgo3-i
ᏗᏍᏗᎪᏩᏛᏗ	dị²sdi²gowh²tvh³di	di2sdii2gowh2tvh3di
ᎣᎩᎾᏚᎳ	o¹gị²nạ²du²³la²	oo1gi2na2duu23la2
ᏕᏥᎪᏩᏘᏍᎪᎢ	de³ji²gowh²ti²³sgọ³ɂi	dee3jii2gowh2tii23sgo3-i
ᏍᎩᏥ	sgị²ji	sgi2ji
ᎤᎸᏒᎢ	u¹lv³²sv²³ɂi	uu1lvv32svv23-i
ᏦᎵᏨᎢ	johl²jv²³ɂi	johl2jvv23-i
ᎦᏗᏍᎪᎢ	gạ²di²³sgo³ɂi	ga2dii23sgoo3-i
ᎠᏇᏅᏒᎢ	a¹gwe²nv³sv²³ɂi	aa1gwee2nvv3svv23-i
ᏍᏗᎮᏍᏗ	sdi²he³sdi	sdii2hee3sdi
ᎯᎪᏩᏔ	hị²go¹wah²ta²	hi2goo1wah2ta2
ᎠᏂᎴᎪᎢ	a¹niɂ³le¹go³ɂi	aa1ni-3lee1goo3-i
ᎢᏥᎬᎢ	i¹ji²gv²³ɂi	ii1jii2gvv23-i
ᎢᏂᎴᎪᎢ	i¹niɂ³le¹go³ɂi	ii1ni-3lee1goo3-i
ᎢᏗᎴᎪᎢ	i¹diɂ³le¹go³ɂi	ii1di-3lee1goo3-i
ᏫᎦᎷᎦ	wị²gạɂ²lu¹ga	wi2ga-2luu1ga
ᎢᎦᏚᎳ	i¹gạ²du²³la²	ii1ga2duu23la2
ᎣᎦᏚᎸᏗ	o¹gạ²duhl²di	oo1ga2duhl2di
ᎤᎾᏚᎵᎭ	u¹nạ²du²lị³ha	uu1na2duu2li3ha
ᎣᏦᎵᎪᎢ	o¹jo²li²go³ɂi	oo1joo2lii2goo3-i
ᎣᏍᏙᎵᎪᎢ	o¹sdo²li²go³ɂi	oo1sdoo2lii2goo3-i
ᏕᏍᏓᏚᎸᎲᎢ	de²sdạ²du²lv²hv²³ɂi	dee2sda2duu2lvv2hvv23-i
ᎩᏂᎪᎲᎢ	gị²ni²go²hv²³ɂi	gi2nii2goo2hvv23-i
ᎨᏍᏗᎪᏩᏘᏍᎪᎢ	ge²sdi²gowh²ti²³sgọ³ɂi	gee2sdii2gowh2tii23sgo3-i
ᎣᎩᎾᏚᎸᏗ	o¹gị²nạ²duhl²di	oo1gi2na2duhl2di
ᏗᏥᏥ	di¹ji²ji	dii1jii2ji
ᎤᏲᏏᏌ	u¹yo¹si²³sa²	uu1yoo1sii23sa2
ᎠᏗᏍᎪᎢ	ạ²di²³sgo³ɂi	a2dii23sgoo3-i
ᏍᏗᎲᎢ	sdi²hv²³ɂi	sdii2hvv23-i
ᎭᏗᏍᎪᎢ	hạ²di²³sgo³ɂi	ha2dii23sgoo3-i
ᎠᏉᎵᏨᎢ	a¹gwohl²jv²³ɂi	aa1gwohl2jvv23-i
ᎠᎾᏗᏍᎪᎢ	a¹nạ²di²³sgo³ɂi	aa1na2dii23sgoo3-i
ᎢᏥᎮᏍᏗ	i¹ji²he³sdi	ii1jii2hee3sdi
ᎣᎨᏅᏒᎢ	o¹ge²nv³sv²³ɂi	oo1gee2nvv3svv23-i
ᎢᎾᏗᏍᎪᎢ	i¹nạ²di²³sgo³ɂi	ii1na2dii23sgoo3-i
ᎢᏓᏗᏍᎪᎢ	i¹dạ²di²³sgo³ɂi	ii1da2dii23sgoo3-i
ᎤᎾᏛᏅᎢ	u¹nạ²dv²hnv²³ɂi	uu1na2dvv2hnvv23-i
ᏥᎪᏩᏘᎭ	jị²gowh²tị³ha	ji2gowh2ti3ha
ᎣᎩᏁᏅᏒᎢ	o¹gị²ne²nv³sv²³ɂi	oo1gi2nee2nvv3svv23-i
ᎢᎦᏚᎸᏗ	i¹gạ²duhl²di	ii1ga2duhl2di
ᎣᏦᎵᎪᎢ	o¹johl²go³ɂi	oo1johl2goo3-i
ᏫᏦᎵᎩ	wị²johl²gi	wi2johl2gi
ᎣᏍᏙᎵᎪᎢ	o¹sdohl²go³ɂi	oo1sdohl2goo3-i
ᏕᏍᏓᏚᎵᏍᎪᎢ	de²sdạ²du²li²³sgọ³ɂi	dee2sda2duu2lii23sgo3-i
ᎩᏂᎪᏩᏔ	gị²ni²go¹wah²ta²	gi2nii2goo1wah2ta2
ᏗᏨᏥ	di¹jv²ji	dii1jvv2ji
ᎤᏚᎵᎭ	u²du²lị³ha	uu2duu2li3ha
ᏍᏗᎸᏍᏗ	sdi²lv¹sdi	sdii2lvv1sdi
ᎠᎪᏩᏘᎭ	ạ²gowh²tị³ha	a2gowh2ti3ha
ᎢᎨᏅᏒᎢ	i¹ge²nv³sv²³ɂi	ii1gee2nvv3svv23-i
ᎯᎪᏩᏘᎭ	hị²gowh²tị³ha	hi2gowh2ti3ha
ᎢᏥᎲᎢ	i¹ji²hv²³ɂi	ii1jii2hvv23-i
ᏣᎪᎲᎢ	jạ²go²hv²³ɂi	ja2goo2hvv23-i
ᎠᏂᎪᏩᏘᎭ	a¹ni²gowh²tị³ha	aa1nii2gowh2ti3ha
ᎣᎩᎪᎲᎢ	o¹gi²go²hv²³ɂi	oo1gii2goo2hvv23-i
ᎢᏂᎪᏩᏘᎭ	i¹ni²gowh²tị³ha	ii1nii2gowh2ti3ha
ᎤᏂᎪᏩᏛᏗ	u¹ni²gowh²tvh³di	uu1nii2gowh2tvh3di
ᎢᏗᎪᏩᏘᎭ	i¹di²gowh²tị³ha	ii1dii2gowh2ti3ha
ᏬᏣᏚᎳ	wo¹jạ²du²³la	woo1ja2duu23la
ᏩᎩᎪᏩᏔ	wa¹gị²go¹wah²ta	waa1gi2goo1wah2ta
ᏬᏍᏓᏚᎳ	wo¹sdạ²du²³la	woo1sda2duu23la
ᎩᏃᎵᏨᎢ	gị²nohl²jv²³ɂi	gi2nohl2jvv23-i
ᏫᏥᎪᏩᏔ	wị²jị²go¹wah²ta	wi2ji2goo1wah2ta
ᏕᏍᏗᎪᏩᏘᏍᎪᎢ	de²sdi²gowh²ti²³sgọ³ɂi	dee2sdii2gowh2tii23sgo3-i
ᎣᎩᏂᎪᎲᎢ	o¹gị²ni²go²hv²³ɂi	oo1gi2nii2goo2hvv23-i
ᏥᏙᏓ	ji²do²da	jii2doo2da
ᎤᏛᏅᎢ	u²dv²hnv²³ɂi	uu2dvv2hnvv23-i
ᎯᏔᏕᎬᎦ	hị²tạ²de²gv¹ga	hi2ta2dee2gvv1ga
ᏍᏗᎷᎦ	sdiɂ²lu¹ga	sdi-2luu1ga
ᏩᏔᏕᎬᎦ	wạ²tạ²de²gv¹ga	wa2ta2dee2gvv1ga
ᏥᏔᏕᎬᎦ	jị²tạ²de²gv¹ga²	ji2ta2dee2gvv1ga2
ᏗᏂᏔᏕᎬᎦ	di¹ni²tạ²de²gv¹ga	dii1nii2ta2dee2gvv1ga
ᏓᏂᏔᏕᎬᎦ	da¹ni²tạ²de²gv¹ga²	daa1nii2ta2dee2gvv1ga2
ᏗᏗᏔᏕᎬᎦ	di¹di²tạ²de²gv¹ga	dii1dii2ta2dee2gvv1ga
ᎢᏥᎸᏍᏗ	i¹ji²lv¹sdi	ii1jii2lvv1sdi
ᎤᏂᎸᏒᎢ	u¹ni²lv³²sv²³ɂi	uu1nii2lvv32svv23-i
ᏣᎪᏩᏔ	jạ²go¹wah²ta²	ja2goo1wah2ta2
ᎢᎩᎪᎲᎢ	i¹gi²go²hv²³ɂi	ii1gii2goo2hvv23-i
ᏬᏥᎪᏩᏔ	wo¹ji²go¹wah²ta	woo1jii2goo1wah2ta
ᎣᎩᎪᏩᏔ	o¹gi²go¹wah²ta²	oo1gii2goo1wah2ta2
ᎠᎩᎪᎲᎢ	a¹gị²go²hv²³ɂi	aa1gi2goo2hvv23-i
ᏬᏍᏗᎪᏩᏔ	wo¹sdi²go¹wah²ta	woo1sdii2goo1wah2ta
ᏫᎩᏃᎵᎩ	wị²gị²nohl²gi	wi2gi2nohl2gi
ᎣᎩᏂᎪᏩᏔ	o¹gị²ni²go¹wah²ta²	oo1gi2nii2goo1wah2ta2
ᏦᏥᏥ	jo²ji²ji	joo2jii2ji
ᎠᏔᏕᎬᎦ	ạ²tạ²de²gv¹ga²	a2ta2dee2gvv1ga2
ᎤᏔᏕᎩᎠ	u¹tạ²de²gi³ɂa	uu1ta2dee2gii3-a
ᎯᏔᏕᎬᎦ	hị²tạ²de²gv¹ga²	hi2ta2dee2gvv1ga2
ᏣᏚᎵᎭ	jạ²du²lị³ha	ja2duu2li3ha
ᏍᏗᎴᎦ	sdiɂ³le¹ga	sdi-3lee1ga
ᎢᏥᎷᎦ	i¹jiɂ²lu¹ga	ii1ji-2luu1ga
ᏕᏂᏔᏕᎬᎦ	de³ni²tạ²de²gv¹ga²	dee3nii2ta2dee2gvv1ga2
ᏚᏂᏲᏏᏌ	du¹ni²yo¹si²³sa²	duu1nii2yoo1sii23sa2
ᏕᏗᏔᏕᎬᎦ	de³di²tạ²de²gv¹ga²	dee3dii2ta2dee2gvv1ga2
ᏫᏥᏔᏕᎬᎦ	wị²jị²tạ²de²gv¹ga	wi2ji2ta2dee2gvv1ga
ᏫᏗᏂᏔᏕᎬᎦ	wị²dị¹ni²tạ²de²gv¹ga	wi2di1nii2ta2dee2gvv1ga
ᎣᎪᎵᏨᎢ	o¹gohl²jv²³ɂi	oo1gohl2jvv23-i
ᎣᏣᏚᎳ	o¹jạ²du²³la²	oo1ja2duu23la2
ᎢᎩᎪᏩᏔ	i¹gi²go¹wah²ta²	ii1gii2goo1wah2ta2
ᎠᎩᎪᏩᏔ	a¹gị²go¹wah²ta²	aa1gi2goo1wah2ta2
ᎣᏍᏓᏚᎳ	o¹sdạ²du²³la²	oo1sda2duu23la2
ᎩᎾᏚᎵᎭ	gị²nạ²du²lị³ha	gi2na2duu2li3ha
ᎣᎩᏃᎵᏨᎢ	o¹gị²nohl²jv²³ɂi	oo1gi2nohl2jvv23-i
ᎠᎵᎢ	a²lị²ɂi	aa2li2-i
ᏣᏛᏅᎢ	jạ²dv²hnv²³ɂi	ja2dvv2hnvv23-i
ᏍᏙᎵᏍᏗ	sdo²hlị³sdi	sdoo2hli3sdi
ᎠᎪᏩᏘᏍᎪᎢ	ạ²gowh²ti²³sgọ³ɂi	a2gowh2tii23sgo3-i
ᏙᎩᏲᏏᎭ	do¹gi²yo³sị²ha	doo1gii2yoo3si2ha
ᎯᎪᏩᏘᏍᎪᎢ	hị²gowh²ti²³sgọ³ɂi	hi2gowh2tii23sgo3-i
ᎠᎩᏲᏏᎭ	a¹gị²yo³sị²ha	aa1gi2yoo3si2ha
ᏚᏂᏔᏕᎩᎠ	du¹ni²tạ²de²gi³ɂa	duu1nii2ta2dee2gii3-a
ᎢᏥᎴᎦ	i¹jiɂ³le¹ga	ii1ji-3lee1ga
ᎤᏪᏅᏒᎢ	u¹we²nv³sv²³ɂi	uu1wee2nvv3svv23-i
ᎩᎾᏛᏅᎢ	gị²nạ²dv²hnv²³ɂi	gi2na2dvv2hnvv23-i
ᏙᎩᏂᏲᏏᎭ	do¹gị²ni²yo³sị²ha	doo1gi2nii2yoo3si2ha
ᏥᎪᏩᏘᏍᎪᎢ	jị²gowh²ti²³sgọ³ɂi	ji2gowh2tii23sgo3-i
ᎢᎪᎵᏨᎢ	i¹gohl²jv²³ɂi	ii1gohl2jvv23-i
ᎠᏂᎪᏩᏘᏍᎪᎢ	a¹ni²gowh²ti²³sgọ³ɂi	aa1nii2gowh2tii23sgo3-i
ᎣᏣᏚᎸᏗ	o¹jạ²duhl²di	oo1ja2duhl2di
ᎢᏂᎪᏩᏘᏍᎪᎢ	i¹ni²gowh²ti²³sgọ³ɂi	ii1nii2gowh2tii23sgo3-i
ᎢᏗᎪᏩᏘᏍᎪᎢ	i¹di²gowh²ti²³sgọ³ɂi	ii1dii2gowh2tii23sgo3-i
ᎣᏍᏓᏚᎸᏗ	o¹sdạ²duhl²di	oo1sda2duhl2di
ᎢᏍᎩᏥ	i¹sgi²ji	ii1sgii2ji
ᏣᏲᏏᎭ	jạ²yo³sị²ha	ja2yoo3si2ha
ᏕᎩᏲᏏᎭ	de³gi²yo³sị²ha	dee3gii2yoo3si2ha
ᏍᏙᎵᎦ	sdohl²ga²	sdohl2ga2
ᏚᏂᏲᏏᏍᎪᎢ	du¹ni²yo³si²sgo³ɂi	duu1nii2yoo3sii2sgoo3-i
ᎠᏆᏚᎵᎭ	a¹gwạ²du²lị³ha	aa1gwa2duu2li3ha
ᎣᏥᎩᏍᎪᎢ	o¹ji²gi³sgo³ɂi	oo1jii2gii3sgoo3-i
ᎢᏦᎵᏍᏗ	i¹jo²hlị³sdi	ii1joo2hli3sdi
ᎣᏍᏗᎩᏍᎪᎢ	o¹sdi²gi³sgo³ɂi	oo1sdii2gii3sgoo3-i
ᎣᎦᏚᎵᎭ	o¹gạ²du²lị³ha	oo1ga2duu2li3ha
ᎤᏬᎵᏨᎢ	u¹wohl²jv²³ɂi	uu1wohl2jvv23-i
ᎩᏂᎪᏩᏛᏗ	gị²ni²gowh²tvh³di	gi2nii2gowh2tvh3di
ᎣᎩᎾᏚᎵᎭ	o¹gị²nạ²du²lị³ha	oo1gi2na2duu2li3ha
ᎦᏥᏥ	gạ²ji²ji	ga2jii2ji
ᎤᏲᏏᏍᎪᎢ	u¹yo³si²sgo³ɂi	uu1yoo3sii2sgoo3-i
ᏣᏲᏏᏌ	jạ²yo¹si²³sa	ja2yoo1sii23sa
ᏗᎩᏲᏏᏌ	di¹gi²yo¹si²³sa	dii1gii2yoo1sii23sa
ᎠᏆᏛᏅᎢ	a¹gwạ²dv²hnv²³ɂi	aa1gwa2dvv2hnvv23-i
ᏍᏓᏤᎵᎢ	sdạ²je²li⁴ɂi	sdaa2jee2lii4-i
ᎣᎦᏛᏅᎢ	o¹gạ²dv²hnv²³ɂi	oo1ga2dvv2hnvv23-i
ᎩᏂᎸᏒᎢ	gị²ni²lv³²sv²³ɂi	gi2nii2lvv32svv23-i
ᎣᎩᎾᏛᏅᎢ	o¹gị²nạ²dv²hnv²³ɂi	oo1gi2na2dvv2hnvv23-i
ᎤᎾᏚᎸᎲᎢ	u¹nạ²du²lv²hv²³ɂi	uu1na2duu2lvv2hvv23-i
ᎣᏥᎪᎲᎢ	o¹ji²go²hv²³ɂi	oo1jii2goo2hvv23-i
ᎢᏦᎵᎦ	i¹johl²ga²	ii1johl2ga2
ᎣᏍᏗᎪᎲᎢ	o¹sdi²go²hv²³ɂi	oo1sdii2goo2hvv23-i
ᎩᏂᏥ	gị²ni²ji	gi2nii2ji
ᎤᏲᏏᏍᎬᎢ	u¹yo³si²sgv²³ɂi	uu1yoo3sii2sgvv23-i
ᏍᏓᏚᎳ	sdạ²du²³la	sda2duu23la
ᏩᎩᏲᏏᏌ	wa¹gị²yo¹si²³sa	waa1gi2yoo1sii23sa
ᏚᏂᏲᏏᏍᎬᎢ	du¹ni²yo³si²sgv²³ɂi	duu1nii2yoo3sii2sgvv23-i
ᎢᏣᏤᎵᎢ	i¹jạ²je²li⁴ɂi	ii1jaa2jee2lii4-i
ᏣᎪᏩᏛᏗ	jạ²gowh²tvh³di	ja2gowh2tvh3di
ᎢᎦᏚᎵᎭ	i¹gạ²du²lị³ha	ii1ga2duu2li3ha
ᎣᎩᎪᏩᏛᏗ	o¹gi²gowh²tvh³di	oo1gii2gowh2tvh3di
ᎣᏥᎪᏩᏔ	o¹ji²go¹wah²ta²	oo1jii2goo1wah2ta2
ᎣᏍᏗᎪᏩᏔ	o¹sdi²go¹wah²ta²	oo1sdii2goo1wah2ta2
ᎩᏂᎪᏩᏘᎭ	gị²ni²gowh²tị³ha	gi2nii2gowh2ti3ha
ᎣᎩᏂᎪᏩᏛᏗ	o¹gị²ni²gowh²tvh³di	oo1gi2nii2gowh2tvh3di
ᏍᏗᏙᏓ	sdi²do²da	sdii2doo2da
ᎤᏲᏏᏐᏗ	u¹yo¹si²³soh³di	uu1yoo1sii23soh3di
ᏣᎸᏒᎢ	jạ²lv³²sv²³ɂi	ja2lvv32svv23-i
ᏍᏗᎪᏩᏔ	sdi²go¹wah²ta	sdii2goo1wah2ta
ᎢᎦᏛᏅᎢ	i¹gạ²dv²hnv²³ɂi	ii1ga2dvv2hnvv23-i
ᎣᎩᎸᏒᎢ	o¹gi²lv³²sv²³ɂi	oo1gii2lvv32svv23-i
ᏧᏂᏲᏏᏐᏗ	ju¹ni²yo¹si²³soh³di	juu1nii2yoo1sii23soh3di
ᎣᏥᎴᎪᎢ	o¹jiɂ³le¹go³ɂi	oo1ji-3lee1goo3-i
ᏕᎩᏂᏲᏏᎭ	de²gị²ni²yo³sị²ha	dee2gi2nii2yoo3si2ha
ᎢᏣᏚᎳ	i¹jạ²du²³la	ii1ja2duu23la
ᎣᎩᏂᎸᏒᎢ	o¹gị²ni²lv³²sv²³ɂi	oo1gi2nii2lvv32svv23-i
ᎣᏍᏗᎴᎪᎢ	o¹sdiɂ³le¹go³ɂi	oo1sdi-3lee1goo3-i
ᎠᎩᎪᏩᏛᏗ	a¹gị²gowh²tvh³di	aa1gi2gowh2tvh3di
ᏍᏛᏙᏓ	sdv²do²da	sdvv2doo2da
ᎤᏚᎸᎲᎢ	u²du²lv²hv²³ɂi	uu2duu2lvv2hvv23-i
ᏣᏲᏏᏌ	jạ²yo¹si²³sa²	ja2yoo1sii23sa2
ᏍᏗᎷᎦ	sdiɂ²lu¹ga²	sdi-2luu1ga2
ᏙᎩᏲᏏᏌ	do¹gi²yo¹si²³sa²	doo1gii2yoo1sii23sa2
ᎠᎩᎸᏒᎢ	a¹gị²lv³²sv²³ɂi	aa1gi2lvv32svv23-i
ᏫᏧᏂᏲᏏᏌ	wị²ju¹ni²yo¹si²³sa	wi2juu1nii2yoo1sii23sa
ᏙᎩᏂᏲᏏᏌ	do¹gị²ni²yo¹si²³sa²	doo1gi2nii2yoo1sii23sa2
ᎢᏥᎪᏩᏔ	i¹ji²go¹wah²ta	ii1jii2goo1wah2ta
ᎢᎩᎪᏩᏛᏗ	i¹gi²gowh²tvh³di	ii1gii2gowh2tvh3di
ᎣᏦᎵᏨᎢ	o¹jo²li²jv²³ɂi	oo1joo2lii2jvv23-i
ᎣᏍᏙᎵᏨᎢ	o¹sdo²li²jv²³ɂi	oo1sdoo2lii2jvv23-i
ᏫᎩᎾᏚᎳ	wị²gị²nạ²du²³la	wi2gi2na2duu23la
ᏗᏍᎩᏥ	di¹sgi²ji	dii1sgii2ji
ᎤᏔᏕᎪᏗ	u¹tạ²de²³go³²di	uu1ta2dee23goo32di
ᏣᏔᏕᎩᎠ	tstạ²de²gi³ɂa	tsta2dee2gii3-a
ᎢᎩᎸᏒᎢ	i¹gi²lv³²sv²³ɂi	ii1gii2lvv32svv23-i
ᏍᏙᎵᎪᎢ	sdohl²go³ɂi	sdohl2goo3-i
ᎠᎩᏲᏏᏌ	a¹gị²yo¹si²³sa²	aa1gi2yoo1sii23sa2
ᏧᏂᏔᏕᎪᏗ	ju¹ni²tạ²de²³go³²di	juu1nii2ta2dee23goo32di
ᎢᏥᎷᎦ	i¹jiɂ²lu¹ga²	ii1ji-2luu1ga2
ᎣᏣᏚᎵᎭ	o¹jạ²du²lị³ha	oo1ja2duu2li3ha
ᎣᎩᎪᏩᏘᎭ	o¹gi²gowh²tị³ha	oo1gii2gowh2ti3ha
ᎣᏍᏓᏚᎵᎭ	o¹sdạ²du²lị³ha	oo1sda2duu2li3ha
ᎣᎩᏂᎪᏩᏘᎭ	o¹gị²ni²gowh²tị³ha	oo1gi2nii2gowh2ti3ha
ᏫᎩᏂᎪᏩᏔ	wị²gị²ni²go¹wah²ta	wi2gi2nii2goo1wah2ta
ᏣᏙᏓ	jạ²do²da	ja2doo2da
ᎤᏔᏕᎩᏍᎪᎢ	u¹tạ²de²gi³sgo³ɂi	uu1ta2dee2gii3sgoo3-i
ᏕᎩᏲᏏᏌ	de³gi²yo¹si²³sa²	dee3gii2yoo1sii23sa2
ᎠᎩᏔᏕᎩᎠ	a¹ktạ²de²gi³ɂa	aa1kta2dee2gii3-a
ᏍᏓᏚᎳ	sdạ²du²³la²	sda2duu23la2
ᏙᎩᏔᏕᎩᎠ	do¹gi²tạ²de²gi³ɂa	doo1gii2ta2dee2gii3-a
ᏙᎩᏂᏔᏕᎩᎠ	do¹gị²ni²tạ²de²gi³ɂa	doo1gi2nii2ta2dee2gii3-a
ᎤᎾᏚᎵᏍᎪᎢ	u¹nạ²du²li²³sgọ³ɂi	uu1na2duu2lii23sgo3-i
ᎣᏥᎪᏩᏛᏗ	o¹ji²gowh²tvh³di	oo1jii2gowh2tvh3di
ᎢᏦᎵᎪᎢ	i¹johl²go³ɂi	ii1johl2goo3-i
ᏫᏣᏚᎳ	wị²jạ²du²³la	wi2ja2duu23la
ᎣᏍᏗᎪᏩᏛᏗ	o¹sdi²gowh²tvh³di	oo1sdii2gowh2tvh3di
ᎩᎾᏚᎸᎲᎢ	gị²nạ²du²lv²hv²³ɂi	gi2na2duu2lvv2hvv23-i
ᏦᏍᏗᏥ	jo²sdi²ji	joo2sdii2ji
ᎤᏚᎵᏍᎪᎢ	u²du²li²³sgọ³ɂi	uu2duu2lii23sgo3-i
ᏍᏓᏚᎸᏗ	sdạ²duhl²di	sda2duhl2di
ᏙᎩᏲᏏᏍᎪᎢ	do¹gi²yo³si²sgo³ɂi	doo1gii2yoo3sii2sgoo3-i
ᏚᏂᏔᏕᎩᏍᎪᎢ	du¹ni²tạ²de²gi³sgo³ɂi	duu1nii2ta2dee2gii3sgoo3-i
ᏣᎪᏩᏘᎭ	jạ²gowh²tị³ha	ja2gowh2ti3ha
ᎣᏣᏗᏍᎪᎢ	o¹jạ²di²³sgo³ɂi	oo1ja2dii23sgoo3-i
ᏕᎩᏂᏲᏏᏌ	de²gị²ni²yo¹si²³sa²	dee2gi2nii2yoo1sii23sa2
ᎣᏍᏓᏗᏍᎪᎢ	o¹sdạ²di²³sgo³ɂi	oo1sda2dii23sgoo3-i
ᏙᎩᏂᏲᏏᏍᎪᎢ	do¹gị²ni²yo³si²sgo³ɂi	doo1gi2nii2yoo3sii2sgoo3-i
ᎢᎩᎪᏩᏘᎭ	i¹gi²gowh²tị³ha	ii1gii2gowh2ti3ha
ᏫᏣᏚᎳ	wi¹jạ²du²³la	wii1ja2duu23la
ᎠᎩᎪᏩᏘᎭ	a¹gị²gowh²tị³ha	aa1gi2gowh2ti3ha
ᏧᎵᎢ	ju²lị²ɂi	juu2li2-i
ᎤᏔᏕᎦᏅᎢ	u¹tạ²de²ga³²nv²³ɂi	uu1ta2dee2gaa32nvv23-i
ᏍᏕᏅᏒᎢ	sde²nv³sv²³ɂi	sdee2nvv3svv23-i
ᏣᏚᎸᎲᎢ	jạ²du²lv²hv²³ɂi	ja2duu2lvv2hvv23-i
ᏕᎩᏔᏕᎩᎠ	de³gi²tạ²de²gi³ɂa	dee3gii2ta2dee2gii3-a
ᎠᎩᏲᏏᏍᎪᎢ	a¹gị²yo³si²sgo³ɂi	aa1gi2yoo3sii2sgoo3-i
ᏚᏂᏔᏕᎦᏅᎢ	du¹ni²tạ²de²ga³²nv²³ɂi	duu1nii2ta2dee2gaa32nvv23-i
ᏗᎩᏂᏲᏏᏌ	dị²gị²ni²yo¹si²³sa	di2gi2nii2yoo1sii23sa
ᎣᎦᏚᎸᎲᎢ	o¹gạ²du²lv²hv²³ɂi	oo1ga2duu2lvv2hvv23-i
ᏫᏥᎪᏩᏔ	wi¹ji²go¹wah²ta	wii1jii2goo1wah2ta
ᎣᏥᎪᏩᏘᎭ	o¹ji²gowh²tị³ha	oo1jii2gowh2ti3ha
ᎣᏍᏗᎪᏩᏘᎭ	o¹sdi²gowh²tị³ha	oo1sdii2gowh2ti3ha
ᎣᎩᎾᏚᎸᎲᎢ	o¹gị²nạ²du²lv²hv²³ɂi	oo1gi2na2duu2lvv2hvv23-i
ᎠᎩᏥ	ạ²gị²ji	a2gi2ji
ᏣᏲᏏᏍᎪᎢ	jạ²yo³si²sgo³ɂi	ja2yoo3sii2sgoo3-i
ᏍᏗᎩᏍᎪᎢ	sdi²gi³sgo³ɂi	sdii2gii3sgoo3-i
ᏕᎩᏲᏏᏍᎪᎢ	de³gi²yo³si²sgo³ɂi	dee3gii2yoo3sii2sgoo3-i
ᏙᎩᏲᏏᏍᎬᎢ	do¹gi²yo³si²sgv²³ɂi	doo1gii2yoo3sii2sgvv23-i
ᎠᏆᏚᎸᎲᎢ	a¹gwạ²du²lv²hv²³ɂi	aa1gwa2duu2lvv2hvv23-i
ᏕᎩᏂᏔᏕᎩᎠ	de²gị²ni²tạ²de²gi³ɂa	dee2gi2nii2ta2dee2gii3-a
ᏙᎩᏂᏲᏏᏍᎬᎢ	do¹gị²ni²yo³si²sgv²³ɂi	doo1gi2nii2yoo3sii2sgvv23-i
ᎢᏣᏚᎳ	i¹jạ²du²³la²	ii1ja2duu23la2
ᎣᏣᏚᎸᎲᎢ	o¹jạ²du²lv²hv²³ɂi	oo1ja2duu2lvv2hvv23-i
ᎣᏍᏓᏚᎸᎲᎢ	o¹sdạ²du²lv²hv²³ɂi	oo1sda2duu2lvv2hvv23-i
ᎢᎩᏙᏓ	i¹gi²do²da	ii1gii2doo2da
ᏦᎩᏲᏏᏐᏗ	jo¹gi²yo¹si²³soh³di	joo1gii2yoo1sii23soh3di
ᏍᏗᎪᎲᎢ	sdi²go²hv²³ɂi	sdii2goo2hvv23-i
ᎠᎩᏲᏏᏍᎬᎢ	a¹gị²yo³si²sgv²³ɂi	aa1gi2yoo3sii2sgvv23-i
ᏙᏥᏔᏕᎬᎦ	do¹ji²tạ²de²gv¹ga²	doo1jii2ta2dee2gvv1ga2
ᏦᎩᏂᏲᏏᏐᏗ	jo¹gị²ni²yo¹si²³soh³di	joo1gi2nii2yoo1sii23soh3di
ᏕᎩᏂᏲᏏᏍᎪᎢ	de²gị²ni²yo³si²sgo³ɂi	dee2gi2nii2yoo3sii2sgoo3-i
ᏙᏍᏗᏔᏕᎬᎦ	do¹sdi²tạ²de²gv¹ga²	doo1sdii2ta2dee2gvv1ga2
ᎢᎦᏚᎸᎲᎢ	i¹gạ²du²lv²hv²³ɂi	ii1ga2duu2lvv2hvv23-i
ᎢᏣᏚᎸᏗ	i¹jạ²duhl²di	ii1ja2duhl2di
ᏫᏣᎪᏩᏔ	wị²jạ²go¹wah²ta	wi2ja2goo1wah2ta
ᎢᏥᏙᏓ	i¹ji²do²da	ii1jii2doo2da
ᏣᏲᏏᏍᎬᎢ	jạ²yo³si²sgv²³ɂi	ja2yoo3sii2sgvv23-i
ᏕᎩᏲᏏᏍᎬᎢ	de³gi²yo³si²sgv²³ɂi	dee3gii2yoo3sii2sgvv23-i
ᎢᏤᏅᏒᎢ	i¹je²nv³sv²³ɂi	ii1jee2nvv3svv23-i
ᏍᏗᎪᏩᏔ	sdi²go¹wah²ta²	sdii2goo1wah2ta2
ᎠᎩᏲᏏᏐᏗ	a¹gị²yo¹si²³soh³di	aa1gi2yoo1sii23soh3di
ᏫᏦᎩᏲᏏᏌ	wị²jo¹gi²yo¹si²³sa	wi2joo1gii2yoo1sii23sa
ᏫᏦᎩᏂᏲᏏᏌ	wị²jo¹gị²ni²yo¹si²³sa	wi2joo1gi2nii2yoo1sii23sa
ᎣᏣᏚᎵᏍᎪᎢ	o¹jạ²du²li²³sgọ³ɂi	oo1ja2duu2lii23sgo3-i
ᎣᏍᏓᏚᎵᏍᎪᎢ	o¹sdạ²du²li²³sgọ³ɂi	oo1sda2duu2lii23sgo3-i
ᎩᎾᏚᎵᏍᎪᎢ	gị²nạ²du²li²³sgọ³ɂi	gi2na2duu2lii23sgo3-i
ᎢᏨᏙᏓ	i¹jv²do²da	ii1jvv2doo2da
ᏣᏲᏏᏐᏗ	jạ²yo¹si²³soh³di	ja2yoo1sii23soh3di
ᎠᎩᏔᏕᎪᏗ	a¹ktạ²de²³go³²di	aa1kta2dee23goo32di
ᏗᎩᏲᏏᏐᏗ	di¹gi²yo¹si²³soh³di	dii1gii2yoo1sii23soh3di
ᏍᏗᎴᎪᎢ	sdiɂ³le¹go³ɂi	sdi-3lee1goo3-i
ᏦᎩᏔᏕᎪᏗ	jo¹gi²tạ²de²³go³²di	joo1gii2ta2dee23goo32di
ᎢᏥᎩᏍᎪᎢ	i¹ji²gi³sgo³ɂi	ii1jii2gii3sgoo3-i
ᏦᎩᏂᏔᏕᎪᏗ	jo¹gị²ni²tạ²de²³go³²di	joo1gi2nii2ta2dee23goo32di
ᏫᏦᏥᏔᏕᎬᎦ	wị²jo¹ji²tạ²de²gv¹ga	wi2joo1jii2ta2dee2gvv1ga
ᏕᎩᏂᏲᏏᏍᎬᎢ	de²gị²ni²yo³si²sgv²³ɂi	dee2gi2nii2yoo3sii2sgvv23-i
ᏫᏦᏍᏗᏔᏕᎬᎦ	wị²jo¹sdi²tạ²de²gv¹ga	wi2joo1sdii2ta2dee2gvv1ga
ᎣᎩᏙᏓ	o²gi²do²da	oo2gii2doo2da
ᏣᏔᏕᎪᏗ	tstạ²de²³go³²di	tsta2dee23goo32di
ᏍᏙᎵᏨᎢ	sdohl²jv²³ɂi	sdohl2jvv23-i
ᎠᎩᏔᏕᎩᏍᎪᎢ	a¹ktạ²de²gi³sgo³ɂi	aa1kta2dee2gii3sgoo3-i
ᏗᎩᏔᏕᎪᏗ	di¹gi²tạ²de²³go³²di	dii1gii2ta2dee23goo32di
ᎢᏥᎪᎲᎢ	i¹ji²go²hv²³ɂi	ii1jii2goo2hvv23-i
ᎣᎦᏚᎵᏍᎪᎢ	o¹gạ²du²li²³sgọ³ɂi	oo1ga2duu2lii23sgo3-i
ᎣᏥᎪᏩᏘᏍᎪᎢ	o¹ji²gowh²ti²³sgọ³ɂi	oo1jii2gowh2tii23sgo3-i
ᎣᏍᏗᎪᏩᏘᏍᎪᎢ	o¹sdi²gowh²ti²³sgọ³ɂi	oo1sdii2gowh2tii23sgo3-i
ᎩᏂᎪᏩᏘᏍᎪᎢ	gị²ni²gowh²ti²³sgọ³ɂi	gi2nii2gowh2tii23sgo3-i
ᎣᎩᎾᏚᎵᏍᎪᎢ	o¹gị²nạ²du²li²³sgọ³ɂi	oo1gi2na2duu2lii23sgo3-i
ᎤᏂᏙᏓ	u²ni²do²da	uu2nii2doo2da
ᏣᏚᎵᏍᎪᎢ	jạ²du²li²³sgọ³ɂi	ja2duu2lii23sgo3-i
ᏙᎩᏔᏕᎩᏍᎪᎢ	do¹gi²tạ²de²gi³sgo³ɂi	doo1gii2ta2dee2gii3sgoo3-i
ᎠᏆᏚᎵᏍᎪᎢ	a¹gwạ²du²li²³sgọ³ɂi	aa1gwa2duu2lii23sgo3-i
ᏗᎩᏂᏲᏏᏐᏗ	dị²gị²ni²yo¹si²³soh³di	di2gi2nii2yoo1sii23soh3di
ᏙᎩᏂᏔᏕᎩᏍᎪᎢ	do¹gị²ni²tạ²de²gi³sgo³ɂi	doo1gi2nii2ta2dee2gii3sgoo3-i
ᎢᎦᏚᎵᏍᎪᎢ	i¹gạ²du²li²³sgọ³ɂi	ii1ga2duu2lii23sgo3-i
ᎢᏥᎪᏩᏔ	i¹ji²go¹wah²ta²	ii1jii2goo1wah2ta2
ᏫᏍᏙᎵᎩ	wị²sdohl²gi	wi2sdohl2gi
ᎥᏍᎩᎾ	v¹sgị²na	vv1sgi2na
ᏣᏔᏕᎩᏍᎪᎢ	tstạ²de²gi³sgo³ɂi	tsta2dee2gii3sgoo3-i
ᎠᎩᏔᏕᎦᏅᎢ	a¹ktạ²de²ga³²nv²³ɂi	aa1kta2dee2gaa32nvv23-i
ᏕᎩᏔᏕᎩᏍᎪᎢ	de³gi²tạ²de²gi³sgo³ɂi	dee3gii2ta2dee2gii3sgoo3-i
ᏍᏓᏚᎵᎭ	sdạ²du²lị³ha	sda2duu2li3ha
ᎢᏥᎴᎪᎢ	i¹jiɂ³le¹go³ɂi	ii1ji-3lee1goo3-i
ᏕᎩᏂᏔᏕᎩᏍᎪᎢ	de²gị²ni²tạ²de²gi³sgo³ɂi	dee2gi2nii2ta2dee2gii3sgoo3-i
ᎣᎩᎪᏩᏘᏍᎪᎢ	o¹gi²gowh²ti²³sgọ³ɂi	oo1gii2gowh2tii23sgo3-i
ᎣᎩᏂᎪᏩᏘᏍᎪᎢ	o¹gị²ni²gowh²ti²³sgọ³ɂi	oo1gi2nii2gowh2tii23sgo3-i
ᎦᎯᏙᏓ	gạ²hi²do²da	ga2hii2doo2da
ᏣᏔᏕᎦᏅᎢ	tstạ²de²ga³²nv²³ɂi	tsta2dee2gaa32nvv23-i
ᏍᏓᏛᏅᎢ	sdạ²dv²hnv²³ɂi	sda2dvv2hnvv23-i
ᏙᎩᏔᏕᎦᏅᎢ	do¹gi²tạ²de²ga³²nv²³ɂi	doo1gii2ta2dee2gaa32nvv23-i
ᏗᎩᏂᏔᏕᎪᏗ	dị²gị²ni²tạ²de²³go³²di	di2gi2nii2ta2dee23goo32di
ᏙᎩᏂᏔᏕᎦᏅᎢ	do¹gị²ni²tạ²de²ga³²nv²³ɂi	doo1gi2nii2ta2dee2gaa32nvv23-i
ᎢᏦᎵᏨᎢ	i¹johl²jv²³ɂi	ii1johl2jvv23-i
ᎢᎩᎪᏩᏘᏍᎪᎢ	i¹gi²gowh²ti²³sgọ³ɂi	ii1gii2gowh2tii23sgo3-i
ᎠᎩᎪᏩᏘᏍᎪᎢ	a¹gị²gowh²ti²³sgọ³ɂi	aa1gi2gowh2tii23sgo3-i
ᏍᎩᏂᏥ	sgị²ni²ji	sgi2nii2ji
ᏕᏥᏲᏏᎭ	de³ji²yo³sị²ha	dee3jii2yoo3si2ha
ᏕᎩᏔᏕᎦᏅᎢ	de³gi²tạ²de²ga³²nv²³ɂi	dee3gii2ta2dee2gaa32nvv23-i
ᏍᏗᎪᏩᏛᏗ	sdi²gowh²tvh³di	sdii2gowh2tvh3di
ᏣᎪᏩᏘᏍᎪᎢ	jạ²gowh²ti²³sgọ³ɂi	ja2gowh2tii23sgo3-i
ᏕᎩᏂᏔᏕᎦᏅᎢ	de²gị²ni²tạ²de²ga³²nv²³ɂi	dee2gi2nii2ta2dee2gaa32nvv23-i
ᏍᎩᏙᏓ	sgị²do²da	sgi2doo2da
ᏍᏗᎸᏒᎢ	sdi²lv³²sv²³ɂi	sdii2lvv32svv23-i
ᏗᏥᏲᏏᏌ	di¹ji²yo¹si²³sa	dii1jii2yoo1sii23sa
ᏍᏓᎵᎢ	sda²lị²ɂi	sdaa2li2-i
ᏍᏓᏗᏍᎪᎢ	sdạ²di²³sgo³ɂi	sda2dii23sgoo3-i
ᎢᏣᏚᎵᎭ	i¹jạ²du²lị³ha	ii1ja2duu2li3ha
ᏗᏥᏙᏓ	di¹ji²do²da	dii1jii2doo2da
ᎢᏣᏛᏅᎢ	i¹jạ²dv²hnv²³ɂi	ii1ja2dvv2hnvv23-i
ᏍᏗᎪᏩᏘᎭ	sdi²gowh²tị³ha	sdii2gowh2ti3ha
ᏗᏨᏙᏓ	di¹jv²do²da	dii1jvv2doo2da
ᏕᏍᏗᏲᏏᎭ	de²sdi²yo³sị²ha	dee2sdii2yoo3si2ha
ᎢᏥᎪᏩᏛᏗ	i¹ji²gowh²tvh³di	ii1jii2gowh2tvh3di
ᏗᏍᏗᏥ	dị²sdi²ji	di2sdii2ji
ᎢᏥᎸᏒᎢ	i¹ji²lv³²sv²³ɂi	ii1jii2lvv32svv23-i
ᏫᏍᏓᏚᎳ	wị²sdạ²du²³la	wi2sda2duu23la
ᏗᏍᏛᏥ	dị²sdv²ji	di2sdvv2ji
ᏕᏥᏲᏏᏌ	de³ji²yo¹si²³sa²	dee3jii2yoo1sii23sa2
ᏫᏍᏗᎪᏩᏔ	wị²sdi²go¹wah²ta	wi2sdii2goo1wah2ta
ᏦᏥᏙᏓ	jo²ji²do²da	joo2jii2doo2da
ᏍᏓᏚᎸᎲᎢ	sdạ²du²lv²hv²³ɂi	sda2duu2lvv2hvv23-i
ᎢᏣᏗᏍᎪᎢ	i¹jạ²di²³sgo³ɂi	ii1ja2dii23sgoo3-i
ᎢᎦᎵᎢ	i¹ga²lị²ɂi	ii1gaa2li2-i
ᏕᏍᏗᏲᏏᏌ	de²sdi²yo¹si²³sa²	dee2sdii2yoo1sii23sa2
ᎢᏥᎪᏩᏘᎭ	i¹ji²gowh²tị³ha	ii1jii2gowh2ti3ha
ᎢᏍᎩᏙᏓ	i¹sgi²do²da	ii1sgii2doo2da
ᏕᏥᏲᏏᏍᎪᎢ	de³ji²yo³si²sgo³ɂi	dee3jii2yoo3sii2sgoo3-i
ᏗᏍᏗᏲᏏᏌ	dị²sdi²yo¹si²³sa	di2sdii2yoo1sii23sa
ᎢᏣᎵᎢ	i¹ja²lị²ɂi	ii1jaa2li2-i
ᏕᏥᏔᏕᎩᎠ	de³jchtạ²de²gi³ɂa	dee3jchta2dee2gii3-a
ᏕᏍᏗᏔᏕᎩᎠ	de²sdi²tạ²de²gi³ɂa	dee2sdii2ta2dee2gii3-a
ᎣᎩᏂᏥ	o²gị²ni²ji	oo2gi2nii2ji
ᏗᏥᏔᏕᎬᎦ	di¹jchtạ²de²gv¹ga	dii1jchta2dee2gvv1ga
ᏕᏍᏗᏲᏏᏍᎪᎢ	de²sdi²yo³si²sgo³ɂi	dee2sdii2yoo3sii2sgoo3-i
ᎣᎦᎵᎢ	o¹ga²lị²ɂi	oo1gaa2li2-i
ᏍᏓᏚᎵᏍᎪᎢ	sdạ²du²li²³sgọ³ɂi	sda2duu2lii23sgo3-i
ᎢᏣᏚᎸᎲᎢ	i¹jạ²du²lv²hv²³ɂi	ii1ja2duu2lvv2hvv23-i
ᎤᎾᎵᎢ	u¹na²lị²ɂi	uu1naa2li2-i
ᏕᏥᏲᏏᏍᎬᎢ	de³ji²yo³si²sgv²³ɂi	dee3jii2yoo3sii2sgvv23-i
ᏕᏍᏗᏔᏕᎬᎦ	de²sdi²tạ²de²gv¹ga²	dee2sdii2ta2dee2gvv1ga2
ᎦᏥᏙᏓ	gạ²ji²do²da	ga2jii2doo2da
ᏕᏥᏔᏕᎬᎦ	de³jchtạ²de²gv¹ga²	dee3jchta2dee2gvv1ga2
ᏕᏍᏗᏲᏏᏍᎬᎢ	de²sdi²yo³si²sgv²³ɂi	dee2sdii2yoo3sii2sgvv23-i
ᎩᏂᏙᏓ	gị²ni²do²da	gi2nii2doo2da
ᏗᏥᏲᏏᏐᏗ	di¹ji²yo¹si²³soh³di	dii1jii2yoo1sii23soh3di
ᏗᏍᏗᏔᏕᎬᎦ	dị²sdi²tạ²de²gv¹ga	di2sdii2ta2dee2gvv1ga
ᏗᏍᎩᏙᏓ	di¹sgi²do²da	dii1sgii2doo2da
ᏗᏥᏔᏕᎪᏗ	di¹jchtạ²de²³go³²di	dii1jchta2dee23goo32di
ᏍᏗᎪᏩᏘᏍᎪᎢ	sdi²gowh²ti²³sgọ³ɂi	sdii2gowh2tii23sgo3-i
ᏗᎨᎩᏥ	dị²ge²gi²ji	di2gee2gii2ji
ᏗᏍᏗᏲᏏᏐᏗ	dị²sdi²yo¹si²³soh³di	di2sdii2yoo1sii23soh3di
ᎢᏣᏚᎵᏍᎪᎢ	i¹jạ²du²li²³sgọ³ɂi	ii1ja2duu2lii23sgo3-i
ᏗᎨᏂᏥ	dị²ge²ni²ji	di2gee2nii2ji
ᏕᏥᏔᏕᎩᏍᎪᎢ	de³jchtạ²de²gi³sgo³ɂi	dee3jchta2dee2gii3sgoo3-i
ᏕᏍᏗᏔᏕᎩᏍᎪᎢ	de²sdi²tạ²de²gi³sgo³ɂi	dee2sdii2ta2dee2gii3sgoo3-i
ᏗᎨᏗᏥ	dị²ge²di²ji	di2gee2dii2ji
ᏗᏍᏗᏔᏕᎪᏗ	dị²sdi²tạ²de²³go³²di	di2sdii2ta2dee23goo32di
ᎢᏥᎪᏩᏘᏍᎪᎢ	i¹ji²gowh²ti²³sgọ³ɂi	ii1jii2gowh2tii23sgo3-i
ᏗᎨᏥᏥ	dị²ge²ji²ji	di2gee2jii2ji
ᏕᏥᏔᏕᎦᏅᎢ	de³jchtạ²de²ga³²nv²³ɂi	dee3jchta2dee2gaa32nvv23-i
ᏕᏍᏗᏔᏕᎦᏅᎢ	de²sdi²tạ²de²ga³²nv²³ɂi	dee2sdii2ta2dee2gaa32nvv23-i
ᏗᎪᎩᏥ	dị²go²gi²ji	di2goo2gii2ji
ᏦᏍᏗᏙᏓ	jo²sdi²do²da	joo2sdii2doo2da
ᏦᎦᎵᎢ	jo¹ga²lị²ɂi	joo1gaa2li2-i
ᏧᎾᎵᎢ	ju¹na²lị²ɂi	juu1naa2li2-i
ᎠᎩᏙᏓ	ạ²gị²do²da	a2gi2doo2da
ᎩᎾᎵᎢ	gị²na²lị²ɂi	gi2naa2li2-i
ᏍᎩᏂᏙᏓ	sgị²ni²do²da	sgi2nii2doo2da
ᏗᎦᎵᎢ	dị²ga²lị²ɂi	di2gaa2li2-i
ᏗᎨᏍᏗᏥ	dị²ge²sdi²ji	di2gee2sdii2ji
ᏗᏍᏗᏙᏓ	dị²sdi²do²da	di2sdii2doo2da
ᏗᏍᏛᏙᏓ	dị²sdv²do²da	di2sdvv2doo2da
ᏗᏣᎵᎢ	dị²ja²lị²ɂi	di2jaa2li2-i
ᏗᏆᎵᎢ	dị¹gwa²lị²ɂi	di1gwaa2li2-i
ᏗᏣᎵᎢ	dị²jạ²lị²ɂi	di2ja2li2-i
ᎣᎩᏂᏙᏓ	o²gị²ni²do²da	oo2gi2nii2doo2da
ᏗᎨᎩᏙᏓ	dị²ge²gi²do²da	di2gee2gii2doo2da
ᏗᎨᏂᏙᏓ	dị²ge²ni²do²da	di2gee2nii2doo2da
ᏗᎨᏗᏙᏓ	dị²ge²di²do²da	di2gee2dii2doo2da
ᏗᎨᏥᏙᏓ	dị²ge²ji²do²da	di2gee2jii2doo2da
ᏗᎪᎩᏙᏓ	dị²go²gi²do²da	di2goo2gii2doo2da
ᏗᏍᎩᏂᏥ	dị²sgị²ni²ji	di2sgi2nii2ji
ᏗᏍᏓᎵᎢ	dị²sda²lị²ɂi	di2sdaa2li2-i
ᎣᎩᎾᎵᎢ	o¹gị²na²lị²ɂi	oo1gi2naa2li2-i
ᏗᎨᎩᏂᏥ	dị²ge²gị²ni²ji	di2gee2gi2nii2ji
ᏗᎨᏍᏗᏙᏓ	dị²ge²sdi²do²da	di2gee2sdii2doo2da
ᏗᎪᎩᏂᏥ	dị²go²gị²ni²ji	di2goo2gi2nii2ji
ᏗᎬᏩᏂᏥ	dị²gv²wạ²ni²ji	di2gvv2wa2nii2ji
ᏦᎩᎾᎵᎢ	jo¹gị²na²lị²ɂi	joo1gi2naa2li2-i
ᏗᎩᎾᎵᎢ	dị²gị²na²lị²ɂi	di2gi2naa2li2-i
ᏗᏍᎩᏂᏙᏓ	dị²sgị²ni²do²da	di2sgi2nii2doo2da
ᏗᎨᎩᏂᏙᏓ	dị²ge²gị²ni²do²da	di2gee2gi2nii2doo2da
ᏗᎪᎩᏂᏙᏓ	dị²go²gị²ni²do²da	di2goo2gi2nii2doo2da
ᏗᎬᏩᏂᏙᏓ	dị²gv²wạ²ni²do²da	di2gvv2wa2nii2doo2da
